h3_cell,count,total_risk,mean_risk,max_risk,dominant_type,dominant_vehicle,dominant_station,peak_hour_ist,pct_junction,n_validated,lat_centroid,lon_centroid,density_score,risk_tier,smoothed_risk
8860144a2dfffff,4,48,12.0,12,WRONG PARKING,LORRY/GOODS VEHICLE,No Police Station,6,0.0,4,13.068659992396318,77.4403463071229,0.1,LOW,23.1
8860144b4dfffff,19,57,3.0,3,WRONG PARKING,SCOOTER,Chikkabanavara,5,0.0,19,13.083512871338408,77.48266647745744,0.1,LOW,8.1
8860144b5bfffff,9,114,12.666666666666666,15,WRONG PARKING,HGV,No Police Station,6,0.0,9,13.06864073307749,77.44875953257177,0.2,LOW,23.1
8860145109fffff,1,3,3.0,3,NO PARKING,SCOOTER,Thalagattapura,9,0.0,1,12.881501277965327,77.51720660489362,0.0,LOW,0.4
8860145121fffff,3,23,7.666666666666667,10,PARKING IN A MAIN ROAD,CAR,Kengeri,7,0.0,3,12.911418799644771,77.51770197122235,0.0,LOW,19.1
8860145123fffff,5,15,3.0,3,NO PARKING,SCOOTER,Kengeri,12,0.0,5,12.911447776219905,77.50928648340518,0.0,LOW,10.1
8860145125fffff,9,57,6.333333333333333,9,WRONG PARKING,CAR,Kengeri,10,0.0,9,12.918883581024376,77.5220339795782,0.1,LOW,19.1
8860145129fffff,1,6,6.0,6,NO PARKING,JEEP,Kengeri,11,0.0,1,12.903924763592263,77.52178605560616,0.0,LOW,11.4
886014512bfffff,4,33,8.25,12,NO PARKING,CAR,Kengeri,2,0.0,4,12.903954227927066,77.5133703846751,0.1,LOW,11.0
8860145141fffff,2,14,7.0,9,WRONG PARKING,MAXI-CAB,Thalagattapura,14,0.0,2,12.873975101584405,77.52970588676098,0.0,LOW,84.7
8860145149fffff,17,154,9.058823529411764,20,WRONG PARKING,CAR,Thalagattapura,4,0.0,17,12.866479088320258,77.5337897363267,0.3,LOW,122.7
886014514dfffff,64,425,6.640625,15,WRONG PARKING,CAR,Thalagattapura,11,0.0,58,12.873943687172758,77.53812228928288,0.9,LOW,131.1
8860145165fffff,42,204,4.857142857142857,12,WRONG PARKING,SCOOTER,K.S. Layout,13,0.0,41,12.903865019113976,77.53861979153666,0.4,LOW,118.4
8860145167fffff,4,18,4.5,5,PARKING IN A MAIN ROAD,SCOOTER,K.S. Layout,7,0.0,4,12.903895027346303,77.53020252464326,0.0,LOW,40.4
8860145169fffff,1,6,6.0,6,WRONG PARKING,CAR,Thalagattapura,15,0.0,1,12.88890449987789,77.5383710279848,0.0,LOW,17.7
88601451e5fffff,2,20,10.0,10,PARKING IN A MAIN ROAD,CAR,Kengeri,4,0.0,2,12.90406936766031,77.47971568699954,0.0,LOW,53.6
8860145335fffff,44,266,6.045454545454546,15,NO PARKING,CAR,Thalagattapura,11,0.0,42,12.859014700595626,77.52945760502502,0.5,LOW,60.0
8860145803fffff,25,143,5.72,20,WRONG PARKING,PASSENGER AUTO,Kamakshipalya,2,0.0,25,12.993723380152147,77.50643824130715,0.3,LOW,128.9
8860145809fffff,121,369,3.049586776859504,6,NO PARKING,SCOOTER,Kamakshipalya,14,0.0,121,12.986207381130708,77.51894082015416,0.7,LOW,148.9
886014580bfffff,46,241,5.239130434782608,20,NO PARKING,SCOOTER,Kamakshipalya,4,0.0,45,12.98623283997848,77.51052317140433,0.5,LOW,210.4
886014580dfffff,3,24,8.0,12,NO PARKING,CAR,Peenya,10,0.0,3,12.993673165862303,77.52327397105209,0.0,LOW,253.7
8860145811fffff,2,9,4.5,6,WRONG PARKING,PASSENGER AUTO,Kamakshipalya,4,0.0,2,12.986282938212787,77.49369027075385,0.0,LOW,92.3
8860145813fffff,17,71,4.176470588235294,15,NO PARKING,SCOOTER,Kamakshipalya,11,0.0,17,12.98630757775131,77.48527501935207,0.1,LOW,49.9
8860145817fffff,6,42,7.0,12,WRONG PARKING,PASSENGER AUTO,Kamakshipalya,11,0.0,6,12.993772501375723,77.48960570766802,0.1,LOW,40.1
886014581bfffff,1,6,6.0,6,WRONG PARKING,CAR,Kamakshipalya,10,0.0,1,12.978818006233766,77.48935938871784,0.0,LOW,14.9
886014581dfffff,137,518,3.781021897810219,10,NO PARKING,SCOOTER,Kamakshipalya,10,0.0,137,12.986258025647183,77.50210632152104,1.0,LOW,134.0
8860145825fffff,4,27,6.75,15,NO PARKING,MOTOR CYCLE,Peenya,8,0.0,4,13.02358686081071,77.5237701411305,0.0,LOW,440.9
8860145827fffff,6,51,8.5,15,WRONG PARKING,CAR,Peenya,8,0.0,6,13.023610698140256,77.51535101207388,0.1,LOW,38.3
8860145829fffff,153,1902,12.431372549019608,25,PARKING IN A MAIN ROAD,CAR,Rajajinagar,10,0.0,149,13.008630168151345,77.52352204369554,3.8,LOW,703.7
886014582dfffff,211,1679,7.957345971563981,25,WRONG PARKING,CAR,Rajajinagar,4,0.0,211,13.016096356175884,77.52785584523718,3.4,LOW,752.1
8860145837fffff,57,316,5.543859649122807,12,WRONG PARKING,CAR,Kamakshipalya,11,0.0,57,13.016192017227135,77.49418339002574,0.6,LOW,49.9
886014583dfffff,16,90,5.625,12,WRONG PARKING,PASSENGER AUTO,Peenya,2,0.0,15,13.00867897565866,77.5066854492692,0.2,LOW,12.9
8860145841fffff,71,367,5.169014084507042,15,WRONG PARKING,SCOOTER,Vijayanagara,12,0.8309859154929577,66,12.978689635679572,77.5314445535825,0.7,LOW,919.3
8860145843fffff,3,19,6.333333333333333,10,WRONG PARKING,CAR,Vijayanagara,12,0.0,3,12.97871585597339,77.52302592319649,0.0,LOW,170.3
8860145845fffff,245,1165,4.755102040816326,12,WRONG PARKING,CAR,Vijayanagara,10,0.9959183673469387,245,12.986155643594179,77.53577851325464,2.4,LOW,503.3
8860145847fffff,42,214,5.095238095238095,15,NO PARKING,SCOOTER,Kamakshipalya,12,0.0,40,12.986181649027918,77.5273592675209,0.4,LOW,308.3
8860145849fffff,840,3549,4.225,15,WRONG PARKING,SCOOTER,Vijayanagara,10,1.0,805,12.97119712613916,77.53552982919537,7.2,LOW,2693.1
886014584bfffff,9,48,5.333333333333333,9,WRONG PARKING,CAR,Vijayanagara,2,0.5555555555555556,9,12.971223834528372,77.52711101587661,0.1,LOW,730.7
886014584dfffff,217,1073,4.944700460829493,15,WRONG PARKING,CAR,Magadi Road,10,0.9585253456221198,205,12.978663142142524,77.53986398217545,2.2,LOW,2381.9
8860145851fffff,123,835,6.788617886178862,20,NO PARKING,CAR,Jnanabharathi,3,0.0,115,12.971276432143616,77.51027578437949,1.7,LOW,445.6
8860145853fffff,10,51,5.1,12,WRONG PARKING,SCOOTER,Jnanabharathi,11,0.0,10,12.97130232152126,77.50185936670057,0.1,LOW,161.9
8860145855fffff,27,175,6.481481481481482,12,PARKING IN A MAIN ROAD,CAR,Jnanabharathi,10,0.0,22,12.978741803099831,77.51460809126733,0.3,LOW,238.0
8860145857fffff,4,27,6.75,9,NO PARKING,CAR,Jnanabharathi,7,0.0,4,12.978767477134769,77.50619105804483,0.0,LOW,263.9
8860145859fffff,308,1835,5.957792207792208,25,NO PARKING,CAR,Jnanabharathi,12,0.0,290,12.963784890995548,77.51436050048355,3.7,LOW,653.7
886014585bfffff,28,196,7.0,20,WRONG PARKING,CAR,Jnanabharathi,4,0.0,25,12.963811268636015,77.50594389947851,0.4,LOW,421.9
8860145861fffff,8,45,5.625,6,WRONG PARKING,CAR,Vijayanagara,10,0.0,7,13.001113854397865,77.536027222166,0.1,LOW,676.0
8860145863fffff,92,1169,12.706521739130435,25,PARKING IN A MAIN ROAD,CAR,Rajajinagar,11,0.0,82,13.00113915692046,77.52760754397319,2.4,LOW,473.7
8860145865fffff,180,870,4.833333333333333,20,WRONG PARKING,SCOOTER,Rajajinagar,6,0.0,174,13.008580265964847,77.54036183251075,1.8,LOW,1122.6
8860145867fffff,16,176,11.0,25,WRONG PARKING,LGV,Rajajinagar,3,0.0,16,13.008605353931049,77.53194153892952,0.4,LOW,879.3
8860145869fffff,91,401,4.406593406593407,12,WRONG PARKING,SCOOTER,Vijayanagara,10,1.0,91,12.993621857898091,77.54011289490512,0.8,LOW,1315.9
886014586dfffff,418,2071,4.954545454545454,20,WRONG PARKING,CAR,Vijayanagara,9,1.0,405,13.001088278217015,77.54444769854591,4.2,LOW,3708.0
88601458c5fffff,38,221,5.815789473684211,20,WRONG PARKING,CAR,Kamakshipalya,11,0.0,37,12.986331944338778,77.47686056756481,0.4,LOW,43.4
88601458c7fffff,3,12,4.0,6,WRONG PARKING,SCOOTER,Kamakshipalya,4,0.0,3,12.986356038051257,77.46844691564104,0.0,LOW,33.3
88601458e5fffff,9,36,4.0,12,WRONG PARKING,SCOOTER,Kamakshipalya,12,0.0,9,13.008750135728656,77.4814365514788,0.1,LOW,32.6
88601458edfffff,35,159,4.542857142857143,12,WRONG PARKING,SCOOTER,Kamakshipalya,11,0.0,35,13.001261567321468,77.4855211345625,0.3,LOW,33.9
8860145901fffff,58,486,8.379310344827585,25,WRONG PARKING,CAR,Jalahalli,11,0.0,58,13.045963158127718,77.5451952722818,1.0,LOW,178.7
8860145903fffff,1,15,15.0,15,PARKING IN A MAIN ROAD,OTHERS,Jalahalli,7,0.0,1,13.045986626598152,77.53677349804973,0.0,LOW,117.1
8860145905fffff,109,547,5.018348623853211,12,NO PARKING,CAR,Jalahalli,9,0.0,106,13.053430369206774,77.5495311843226,1.1,LOW,210.1
8860145909fffff,2,18,9.0,12,NO PARKING,CAR,Jalahalli,2,0.0,1,13.03847219401127,77.54928173934807,0.0,LOW,299.1
886014590dfffff,21,185,8.80952380952381,15,WRONG PARKING,CAR,Jalahalli,2,0.0,20,13.045939415168512,77.55361784466103,0.4,LOW,265.3
8860145911fffff,13,145,11.153846153846153,15,WRONG PARKING,PRIVATE BUS,Peenya,4,0.0,13,13.03854324181081,77.52401826336072,0.3,LOW,328.3
8860145913fffff,223,1615,7.242152466367713,25,NO PARKING,CAR,Peenya,2,0.0,183,13.038566375964486,77.51559870184012,3.3,LOW,353.6
8860145915fffff,3,60,20.0,20,PARKING IN A MAIN ROAD,LGV,Jalahalli,8,0.0,3,13.046009820656215,77.52835252221519,0.1,LOW,163.0
8860145917fffff,33,170,5.151515151515151,15,NO PARKING,CAR,Jalahalli,0,0.0,31,13.046032740378278,77.51993234502841,0.3,LOW,411.1
8860145919fffff,6,51,8.5,15,WRONG PARKING,CAR,Yeshwanthpura,3,0.0,6,13.031053244764326,77.5281041713166,0.1,LOW,682.7
886014591bfffff,16,111,6.9375,15,WRONG PARKING,CAR,Peenya,11,0.0,16,13.031076867514042,77.51968442665098,0.2,LOW,293.1
886014591dfffff,25,146,5.84,12,NO PARKING,CAR,Jalahalli,9,0.0,24,13.038519833484957,77.532438623619,0.3,LOW,507.0
8860145925fffff,3,15,5.0,6,WRONG PARKING,CAR,Yelahanka,12,0.0,3,13.075855835485397,77.55411721729631,0.0,LOW,44.4
886014592bfffff,45,253,5.622222222222222,12,NO PARKING,CAR,Jalahalli,7,0.0,44,13.060920824504212,77.54544451334426,0.5,LOW,114.3
886014592dfffff,7,36,5.142857142857143,9,NO PARKING,CAR,Yelahanka,13,0.0,7,13.068365401451866,77.55820427482367,0.1,LOW,19.7
8860145933fffff,2,12,6.0,6,NO PARKING,PASSENGER AUTO,Chikkabanavara,11,0.0,2,13.060988298562107,77.52018028818462,0.0,LOW,82.7
8860145935fffff,17,78,4.588235294117647,12,WRONG PARKING,MOTOR CYCLE,Jalahalli,12,0.0,17,13.068433058103404,77.53293580768064,0.2,LOW,11.1
8860145939fffff,22,113,5.136363636363637,15,WRONG PARKING,SCOOTER,Jalahalli,11,0.0,21,13.053476603675813,77.53268720322644,0.2,LOW,97.1
886014593bfffff,164,492,3.0,3,NO PARKING,SCOOTER,Jalahalli,10,0.0,120,13.053499309122332,77.52426641038987,1.0,LOW,131.7
8860145941fffff,83,502,6.048192771084337,12,WRONG PARKING,CAR,Yeshwanthpura,13,0.0,82,13.03095601215545,77.56179113325211,1.0,LOW,429.7
8860145943fffff,15,102,6.8,12,WRONG PARKING,SCOOTER,Yeshwanthpura,5,0.0,12,13.030980731701622,77.55336819577803,0.2,LOW,386.7
8860145945fffff,22,142,6.454545454545454,10,WRONG PARKING,CAR,Sadashivanagar,11,0.0,20,13.03842345693307,77.5661280470242,0.3,LOW,396.4
8860145947fffff,107,621,5.803738317757009,25,WRONG PARKING,CAR,Yeshwanthpura,3,0.0,103,13.03844796271087,77.55770449431807,1.3,LOW,224.3
8860145949fffff,32,210,6.5625,12,WRONG PARKING,CAR,Yeshwanthpura,6,0.0,32,13.023463563823945,77.56587776142167,0.4,LOW,543.6
886014594bfffff,73,392,5.36986301369863,12,WRONG PARKING,SCOOTER,Yeshwanthpura,4,0.0,70,13.023488771520409,77.55745464153019,0.8,LOW,1359.0
886014594dfffff,221,1039,4.701357466063349,20,WRONG PARKING,CAR,Sadashivanagar,11,0.0,220,13.03093101821963,77.57021486830193,2.1,LOW,514.6
8860145951fffff,43,282,6.558139534883721,15,NO PARKING,CAR,Yeshwanthpura,5,0.0,41,13.02353836431236,77.54061079499611,0.6,LOW,915.7
8860145953fffff,124,1167,9.411290322580646,25,WRONG PARKING,CAR,Rajajinagar,10,0.0,121,13.023562749560151,77.53219006885459,2.4,LOW,950.3
8860145955fffff,163,682,4.184049079754601,20,NO PARKING,MOTOR CYCLE,Yeshwanthpura,10,0.0,159,13.031005176934364,77.54494605613041,1.4,LOW,658.0
8860145957fffff,434,3132,7.216589861751152,25,WRONG PARKING,CAR,Yeshwanthpura,1,0.0,408,13.031029347929858,77.53652471455982,6.3,LOW,780.0
8860145959fffff,52,443,8.51923076923077,20,WRONG PARKING,CAR,Rajajinagar,3,0.0,45,13.016046882954079,77.54469686488636,0.9,LOW,1897.4
886014595bfffff,39,314,8.051282051282051,25,WRONG PARKING,CAR,Rajajinagar,7,0.0,39,13.01607175651979,77.53627595593315,0.6,LOW,704.4
886014595dfffff,37,390,10.54054054054054,20,PARKING IN A MAIN ROAD,CAR,Yeshwanthpura,3,0.0,36,13.023513704991181,77.5490323193048,0.8,LOW,1333.6
8860145961fffff,1,15,15.0,15,WRONG PARKING,HGV,Kodigehalli,5,0.0,1,13.053383036127,77.56637835764624,0.0,LOW,102.4
8860145965fffff,11,86,7.818181818181818,20,WRONG PARKING,CAR,Kodigehalli,9,0.0,10,13.060850877784334,77.57071592245822,0.2,LOW,109.6
8860145967fffff,3,18,6.0,6,NO PARKING,CAR,Yelahanka,12,0.0,3,13.060874468225268,77.56229132162082,0.0,LOW,27.3
8860145969fffff,49,364,7.428571428571429,15,WRONG PARKING,CAR,Kodigehalli,2,0.0,47,13.045891105478587,77.57046538285834,0.7,LOW,229.0
886014596dfffff,28,234,8.357142857142858,15,WRONG PARKING,CAR,Kodigehalli,2,0.0,28,13.05335895741716,77.57480314076648,0.5,LOW,259.7
8860145985fffff,17,189,11.117647058823529,25,WRONG PARKING,CAR,No Police Station,12,0.0,16,13.05358738743973,77.49059122962177,0.4,LOW,108.4
8860145987fffff,6,35,5.833333333333333,9,WRONG PARKING,CAR,No Police Station,3,0.0,6,13.05360872153461,77.48217443332275,0.1,LOW,39.3
886014598dfffff,63,535,8.492063492063492,25,WRONG PARKING,CAR,Chikkabanavara,11,0.0,58,13.046099854292816,77.4946766078543,1.1,LOW,198.6
88601459b1fffff,24,197,8.208333333333334,20,WRONG PARKING,LGV,No Police Station,3,0.0,24,13.061115836958072,77.46967341674235,0.4,LOW,52.6
88601459b3fffff,24,120,5.0,12,WRONG PARKING,SCOOTER,No Police Station,5,0.0,20,13.061136133732203,77.46125840500828,0.2,LOW,45.3
88601459b9fffff,4,24,6.0,6,WRONG PARKING,CAR,No Police Station,11,0.0,3,13.053629781588896,77.47375843707968,0.0,LOW,40.4
88601459bdfffff,2,27,13.5,15,WRONG PARKING,LGV,No Police Station,12,0.0,2,13.061095266133108,77.47808922894109,0.0,LOW,40.4
88601459c1fffff,5,44,8.8,12,NO PARKING,PASSENGER AUTO,Peenya,2,0.0,3,13.031123291064446,77.50284733405225,0.1,LOW,26.3
88601459c5fffff,8,61,7.625,25,WRONG PARKING,SCOOTER,Peenya,2,0.0,8,13.038589236022318,77.50717993930718,0.1,LOW,394.1
88601459c9fffff,4,27,6.75,12,WRONG PARKING,CAR,Peenya,10,0.0,3,13.02363426162505,77.50693268193464,0.0,LOW,24.9
88601459cdfffff,4,52,13.0,20,PARKING IN A MAIN ROAD,SCOOTER,Peenya,9,0.0,2,13.031100216255316,77.51126548081291,0.1,LOW,280.1
88601459d9fffff,6,33,5.5,6,WRONG PARKING,CAR,Kamakshipalya,11,0.0,6,13.016215248477769,77.48576727436439,0.1,LOW,55.0
88601459e1fffff,65,345,5.3076923076923075,9,NO PARKING,CAR,Chikkabanavara,13,0.0,65,13.053543896821735,77.50742722139053,0.7,LOW,210.4
88601459e7fffff,12,66,5.5,9,NO PARKING,CAR,Chikkabanavara,10,0.0,10,13.0610319085864,77.50334146583478,0.1,LOW,62.1
88601459e9fffff,58,321,5.5344827586206895,25,WRONG PARKING,CAR,Chikkabanavara,6,0.0,53,13.046055385840756,77.51151296673947,0.6,LOW,464.7
88601459ebfffff,153,666,4.352941176470588,15,WRONG PARKING,SCOOTER,Peenya,4,0.0,151,13.046077757120111,77.50309438759821,1.3,LOW,275.4
88601459edfffff,11,75,6.818181818181818,12,WRONG PARKING,SCOOTER,Chikkabanavara,3,0.0,11,13.053521740145476,77.51584641636123,0.1,LOW,202.1
8860145a01fffff,1,20,20.0,20,PARKING IN A MAIN ROAD,LORRY/GOODS VEHICLE,Banashankari,8,0.0,1,12.941250792313223,77.54345128214574,0.0,LOW,370.6
8860145a03fffff,19,158,8.31578947368421,20,WRONG PARKING,MOTOR CYCLE,Banashankari,10,0.15789473684210525,18,12.941279179397798,77.5350325356182,0.3,LOW,680.9
8860145a07fffff,270,1750,6.481481481481482,25,NO PARKING,SCOOTER,Byatarayanapura,6,0.9296296296296296,264,12.948744795687809,77.53936623132917,3.5,LOW,884.3
8860145a09fffff,2,15,7.5,12,NO PARKING,SCOOTER,Banashankari,11,1.0,2,12.933756294262166,77.5475363223927,0.0,LOW,166.1
8860145a0bfffff,175,576,3.2914285714285714,12,NO PARKING,SCOOTER,Banashankari,2,0.0,175,12.9337851690507,77.53911739320513,1.2,LOW,120.6
8860145a0dfffff,13,75,5.769230769230769,10,WRONG PARKING,CAR,Banashankari,12,0.0,13,12.941222132500585,77.55187082632978,0.1,LOW,41.6
8860145a11fffff,51,262,5.137254901960785,25,WRONG PARKING,SCOOTER,Byatarayanapura,10,0.0,51,12.93384210100948,77.52228192831954,0.5,LOW,326.3
8860145a13fffff,134,871,6.5,25,NO PARKING,CAR,Byatarayanapura,11,0.0,134,12.933870158330654,77.51386539312138,1.8,LOW,176.4
8860145a15fffff,143,986,6.895104895104895,25,WRONG PARKING,SCOOTER,Byatarayanapura,10,0.2517482517482518,142,12.941307293829814,77.52661458699727,2.0,LOW,575.6
8860145a17fffff,6,42,7.0,15,WRONG PARKING,SCOOTER,Byatarayanapura,14,0.0,6,12.941335135684767,77.51819743653286,0.1,LOW,495.1
8860145a1bfffff,11,54,4.909090909090909,6,NO PARKING,CAR,Kengeri,6,0.0,11,12.926377116885249,77.51794969150302,0.1,LOW,177.7
8860145a1dfffff,7,69,9.857142857142858,15,WRONG PARKING,CAR,Banashankari,4,0.0,7,12.933813771274654,77.53069926176408,0.1,LOW,293.9
8860145a21fffff,122,648,5.311475409836065,12,NO PARKING,SCOOTER,Magadi Road,11,0.01639344262295082,109,12.963676651272364,77.54803488836966,1.3,LOW,3237.6
8860145a23fffff,1241,5465,4.403706688154714,20,WRONG PARKING,SCOOTER,Vijayanagara,11,0.879129734085415,1234,12.9637041207288,77.53961509431804,11.1,LOW,3009.6
8860145a25fffff,1185,3890,3.282700421940928,15,NO PARKING,SCOOTER,Magadi Road,11,0.99915611814346,1089,12.97114288981873,77.55236984972315,7.9,LOW,3157.7
8860145a27fffff,2168,7218,3.3293357933579335,15,WRONG PARKING,SCOOTER,Vijayanagara,4,0.9441881918819188,2061,12.971170144594524,77.54394944056095,14.6,LOW,3548.7
8860145a29fffff,26,212,8.153846153846153,25,NO PARKING,CAR,Chamarajpet,2,1.0,26,12.956182662498325,77.55212032556005,0.4,LOW,899.1
8860145a2bfffff,517,2972,5.748549323017408,25,WRONG PARKING,SCOOTER,Byatarayanapura,1,1.0,505,12.956210619770669,77.54370034890898,6.0,LOW,1590.0
8860145a2dfffff,398,2258,5.673366834170854,20,NO PARKING,SCOOTER,Magadi Road,2,0.2613065326633166,361,12.963648908672718,77.5564554800577,4.6,LOW,1279.0
8860145a31fffff,22,66,3.0,3,NO PARKING,SCOOTER,Byatarayanapura,11,0.0,22,12.956265715452142,77.52686278903666,0.1,LOW,782.7
8860145a33fffff,264,1686,6.386363636363637,25,NO PARKING,CAR,Byatarayanapura,11,0.0,262,12.956292854012514,77.51844520631552,3.4,LOW,702.3
8860145a35fffff,337,1132,3.3590504451038576,10,WRONG PARKING,SCOOTER,Byatarayanapura,11,0.712166172106825,319,12.96373131711767,77.53119609815312,2.3,LOW,1477.6
8860145a39fffff,82,1207,14.71951219512195,25,PARKING IN A MAIN ROAD,LORRY/GOODS VEHICLE,Byatarayanapura,0,0.43902439024390244,81,12.948772694972421,77.53094766754822,2.4,LOW,793.6
8860145a3bfffff,93,1305,14.03225806451613,25,PARKING IN A MAIN ROAD,CAR,Byatarayanapura,4,0.12903225806451613,91,12.94880032151652,77.52252990183392,2.6,LOW,756.0
8860145a3dfffff,17,83,4.882352941176471,12,NO PARKING,SCOOTER,Vijayanagara,10,0.8823529411764706,17,12.956238304063396,77.53528116998447,0.2,LOW,1810.7
8860145a41fffff,11,81,7.363636363636363,12,WRONG PARKING,CAR,Banashankari,3,0.9090909090909091,11,12.926231666909041,77.56004126112575,0.2,LOW,93.3
8860145a43fffff,121,456,3.768595041322314,10,NO PARKING,SCOOTER,Banashankari,8,1.0,116,12.926261301857247,77.55162135202855,0.9,LOW,83.1
8860145a45fffff,3,16,5.333333333333333,10,NO PARKING,MOTOR CYCLE,Basavanagudi,11,0.0,3,12.933697726689793,77.56437657300647,0.0,LOW,475.0
8860145a47fffff,3,21,7.0,9,NO PARKING,CAR,Banashankari,5,0.0,2,12.933727146833665,77.55595604907661,0.0,LOW,112.9
8860145a49fffff,2,16,8.0,10,PARKING IN A MAIN ROAD,PASSENGER AUTO,Banashankari,15,0.5,2,12.91873569304952,77.5641264624357,0.0,LOW,232.9
8860145a4bfffff,2,9,4.5,6,NO PARKING,CAR,Banashankari,3,1.0,2,12.918765815421153,77.55570637101178,0.0,LOW,150.7
8860145a4dfffff,13,54,4.153846153846154,12,NO PARKING,SCOOTER,Banashankari,11,0.15384615384615385,11,12.926201759333692,77.56846196730865,0.1,LOW,432.9
8860145a51fffff,6,45,7.5,12,WRONG PARKING,PASSENGER AUTO,Banashankari,11,0.0,6,12.918825242848882,77.5388685799422,0.1,LOW,15.1
8860145a57fffff,1,6,6.0,6,NO PARKING,CAR,Kengeri,1,0.0,1,12.9263197541735,77.53478392609289,0.0,LOW,99.4
8860145a5bfffff,12,55,4.583333333333333,6,PARKING IN A MAIN ROAD,MOPED,K.S. Layout,5,0.0,12,12.911360030421843,77.53453534140478,0.1,LOW,46.0
8860145a61fffff,22,156,7.090909090909091,15,WRONG PARKING,CAR,Basavanagudi,4,0.7727272727272727,22,12.948659460635449,77.56462670857054,0.3,LOW,906.0
8860145a63fffff,7,34,4.857142857142857,10,WRONG PARKING,SCOOTER,Basavanagudi,4,0.0,7,12.948688178594848,77.55620575209066,0.1,LOW,110.4
8860145a65fffff,88,469,5.329545454545454,20,NO PARKING,SCOOTER,V.V.Puram (C.Pet),10,1.0,87,12.956125928712485,77.56896267104027,0.9,LOW,4182.1
8860145a67fffff,11,170,15.454545454545455,25,WRONG PARKING,PRIVATE BUS,Chamarajpet,1,0.9090909090909091,11,12.956154432170791,77.56054109968734,0.3,LOW,562.7
8860145a69fffff,717,3003,4.188284518828452,15,WRONG PARKING,SCOOTER,Basavanagudi,3,0.697350069735007,663,12.94116399438934,77.56871230666584,6.1,LOW,952.9
8860145a6bfffff,25,126,5.04,9,NO PARKING,CAR,Basavanagudi,10,0.0,25,12.941193199884422,77.56029116791997,0.2,LOW,490.1
8860145a6dfffff,492,2384,4.845528455284553,20,NO PARKING,SCOOTER,Basavanagudi,10,1.0,463,12.948630469633484,77.57304846211579,4.8,LOW,2052.3
8860145a85fffff,14,87,6.214285714285714,15,WRONG PARKING,SCOOTER,Jnanabharathi,11,0.0,14,12.948908101800253,77.48886682463771,0.2,LOW,72.6
8860145a87fffff,2,6,3.0,3,WRONG PARKING,SCOOTER,Jnanabharathi,4,0.0,2,12.948934365776328,77.4804530530009,0.0,LOW,13.3
8860145a89fffff,11,67,6.090909090909091,10,WRONG PARKING,CAR,Kengeri,12,0.0,10,12.933952696567284,77.48862057950036,0.1,LOW,53.7
8860145a8dfffff,56,279,4.982142857142857,15,NO PARKING,CAR,Jnanabharathi,11,0.0,55,12.941417026542869,77.49295077657538,0.6,LOW,81.3
8860145aa5fffff,4,18,4.5,6,WRONG PARKING,SCOOTER,Jnanabharathi,3,0.0,4,12.971327938046748,77.49344374806746,0.0,LOW,11.6
8860145aadfffff,1,6,6.0,6,WRONG PARKING,CAR,Jnanabharathi,14,0.0,1,12.963837373511854,77.49752809735944,0.0,LOW,39.6
8860145ac1fffff,12,64,5.333333333333333,15,PARKING IN A MAIN ROAD,SCOOTER,Kengeri,8,0.0,12,12.926433390595745,77.50111865025738,0.1,LOW,28.9
8860145ac3fffff,1,3,3.0,3,NO PARKING,SCOOTER,Kengeri,10,0.0,1,12.926461119264168,77.49270432776233,0.0,LOW,45.0
8860145ac5fffff,1,6,6.0,6,WRONG PARKING,CAR,Kengeri,6,0.0,1,12.933897943313648,77.50544965641919,0.0,LOW,134.4
8860145acbfffff,43,129,3.0,3,NO PARKING,SCOOTER,Kengeri,10,0.0,43,12.918969047258077,77.49678806597716,0.3,LOW,31.6
8860145ad1fffff,6,21,3.5,6,WRONG PARKING,SCOOTER,Kengeri,3,0.0,4,12.919024664940526,77.47996145111618,0.0,LOW,62.0
8860145ad5fffff,8,27,3.375,6,NO PARKING,SCOOTER,Kengeri,13,0.0,8,12.926488575908706,77.48429080435139,0.0,LOW,21.3
8860145ad7fffff,1,6,6.0,6,WRONG PARKING,CAR,Kengeri,6,0.0,1,12.926515760604886,77.47587808027352,0.0,LOW,7.7
8860145ad9fffff,51,355,6.96078431372549,15,NO PARKING,CAR,Kengeri,5,0.0,51,12.911533074703943,77.48404481204311,0.7,LOW,60.1
8860145addfffff,1,25,25.0,25,PARKING IN A MAIN ROAD,PRIVATE BUS,Kengeri,12,0.0,1,12.918996992029673,77.48837435895996,0.0,LOW,80.0
8860145ae1fffff,5,36,7.2,12,WRONG PARKING,CAR,Jnanabharathi,4,0.0,5,12.948854756685654,77.50569676560454,0.1,LOW,28.9
8860145ae3fffff,25,136,5.44,20,WRONG PARKING,SCOOTER,Jnanabharathi,11,0.0,25,12.94888156546192,77.49728139558863,0.3,LOW,77.7
8860145ae5fffff,4,24,6.0,6,WRONG PARKING,CAR,Jnanabharathi,12,0.0,4,12.95631971982018,77.51002842207086,0.0,LOW,540.4
8860145ae7fffff,1,6,6.0,6,NO PARKING,CAR,Jnanabharathi,7,0.0,1,12.956346312950867,77.50161243655228,0.0,LOW,57.7
8860145b01fffff,854,4255,4.982435597189696,20,NO PARKING,CAR,Malleshwaram,6,0.0,809,12.993515958516587,77.57380031692995,8.6,LOW,2789.0
8860145b03fffff,284,1192,4.197183098591549,12,NO PARKING,SCOOTER,Sheshadripuram,10,0.0,271,12.993542843983315,77.56537726526012,2.4,LOW,2672.7
8860145b05fffff,34,137,4.029411764705882,12,NO PARKING,SCOOTER,Sheshadripuram,10,0.0,34,13.00098323539204,77.57813758092794,0.3,LOW,2921.7
8860145b07fffff,1441,7843,5.442748091603053,15,WRONG PARKING,CAR,Malleshwaram,10,0.0,1356,13.001009906965386,77.56971391430439,15.9,LOW,3139.9
8860145b09fffff,751,4543,6.049267643142477,25,NO PARKING,CAR,High ground,8,0.6551264980026631,720,12.986021513806193,77.57788670867002,9.2,LOW,12480.7
8860145b0bfffff,65,322,4.953846153846154,12,NO PARKING,CAR,Sheshadripuram,8,0.03076923076923077,65,12.986048887032434,77.56946347485581,0.6,LOW,8805.3
8860145b0dfffff,209,1231,5.889952153110048,15,NO PARKING,CAR,Sheshadripuram,10,0.937799043062201,201,12.993488799175896,77.58222416562411,2.5,LOW,2356.9
8860145b11fffff,1008,5354,5.311507936507937,15,WRONG PARKING,CAR,Rajajinagar,5,1.0,984,12.986102812430351,77.55261939882277,10.8,LOW,3224.0
8860145b13fffff,56,303,5.410714285714286,12,WRONG PARKING,CAR,Vijayanagara,2,1.0,56,12.986129364753623,77.54419855710536,0.6,LOW,2360.0
8860145b15fffff,565,3486,6.169911504424779,15,WRONG PARKING,CAR,Rajajinagar,1,1.0,544,12.993569455651905,77.5569550108656,7.1,LOW,4324.7
8860145b17fffff,1038,5226,5.034682080924855,15,WRONG PARKING,SCOOTER,Vijayanagara,5,1.0,1012,12.993595793598193,77.54853355399707,10.6,LOW,4320.7
8860145b19fffff,912,3957,4.338815789473684,25,NO PARKING,SCOOTER,Magadi Road,4,0.5427631578947368,867,12.978609335035548,77.55670523298144,8.0,LOW,2756.3
8860145b1bfffff,629,2998,4.766295707472178,15,NO PARKING,SCOOTER,Vijayanagara,11,1.0,595,12.978636375286456,77.54828420872519,6.1,LOW,3541.9
8860145b1dfffff,239,1244,5.205020920502092,15,WRONG PARKING,CAR,Rajajinagar,10,1.0,234,12.98607598654856,77.56104103815645,2.5,LOW,2324.4
8860145b21fffff,3,18,6.0,6,NO PARKING,CAR,Sadashivanagar,7,0.0,3,13.01594464807318,77.5783884782622,0.0,LOW,1301.3
8860145b23fffff,10,59,5.9,10,NO PARKING,CAR,Sadashivanagar,4,0.0,10,13.015970618038208,77.56996437878519,0.1,LOW,1439.3
8860145b25fffff,194,1152,5.938144329896907,25,WRONG PARKING,CAR,R.T. Nagar,10,0.0,185,13.023412325449542,77.58272639319945,2.3,LOW,788.9
8860145b27fffff,120,730,6.083333333333333,12,WRONG PARKING,CAR,Sadashivanagar,11,0.0,119,13.02343808182567,77.57430167872843,1.5,LOW,582.9
8860145b29fffff,84,599,7.130952380952381,25,NO PARKING,CAR,Sadashivanagar,9,0.07142857142857142,83,13.008450717284163,77.58247526686165,1.2,LOW,1105.7
8860145b2bfffff,1169,6260,5.355004277159966,15,WRONG PARKING,CAR,Malleshwaram,5,0.0,1127,13.008477175120222,77.57405098530111,12.7,LOW,2405.9
8860145b2dfffff,45,291,6.466666666666667,12,WRONG PARKING,CAR,R.T. Nagar,3,0.3333333333333333,42,13.015918403818235,77.58681337474293,0.6,LOW,604.3
8860145b31fffff,1956,9747,4.983128834355829,15,WRONG PARKING,CAR,Malleshwaram,10,0.516359918200409,1825,13.008529268490513,77.55720481371395,19.7,LOW,5328.4
8860145b33fffff,767,3939,5.135593220338983,15,WRONG PARKING,SCOOTER,Rajajinagar,10,0.8657105606258149,739,13.008554904176677,77.54878292418904,8.0,LOW,5359.7
8860145b35fffff,118,873,7.398305084745763,25,NO PARKING,CAR,Yeshwanthpura,1,0.0,113,13.015996313789362,77.56154107656299,1.8,LOW,2892.9
8860145b37fffff,1141,7044,6.1735319894829095,25,WRONG PARKING,CAR,Malleshwaram,10,0.0,1056,13.01602173540264,77.55311857184648,14.3,LOW,3261.1
8860145b39fffff,68,367,5.397058823529412,10,WRONG PARKING,CAR,Malleshwaram,10,0.08823529411764706,54,13.00103630457673,77.56129104486568,0.7,LOW,5423.4
8860145b3bfffff,3008,13404,4.4561170212765955,20,WRONG PARKING,CAR,Malleshwaram,8,1.0,2863,13.00106242830196,77.55286897286263,27.1,MEDIUM,5462.9
8860145b3dfffff,429,1925,4.487179487179487,15,NO PARKING,SCOOTER,Malleshwaram,10,0.0,416,13.008503358830348,77.56562750083489,3.9,LOW,3867.7
8860145b41fffff,366,1858,5.076502732240437,20,NO PARKING,CAR,Cubbon Park,2,1.0,364,12.9784984385692,77.59039730205839,3.8,LOW,5922.6
8860145b43fffff,4505,27100,6.0155382907880135,25,NO PARKING,CAR,Upparpet,1,0.9862375138734739,4257,12.978526573156591,77.5819730894831,54.9,HIGH,15718.6
8860145b45fffff,389,2111,5.426735218508997,15,WRONG PARKING,CAR,High ground,5,0.6066838046272494,379,12.985965945920508,77.5947355666389,4.3,LOW,4284.1
8860145b47fffff,93,549,5.903225806451613,15,NO PARKING,CAR,High ground,10,1.0,93,12.985993866794134,77.58631073934811,1.1,LOW,6149.7
8860145b49fffff,573,3246,5.664921465968586,25,NO PARKING,CAR,Cubbon Park,7,0.9982547993019197,561,12.971002514823697,77.59448385371343,6.6,LOW,2657.3
8860145b4bfffff,330,1777,5.384848484848485,15,NO PARKING,SCOOTER,Halasuru Gate,4,1.0,326,12.971031136890277,77.58605945932764,3.6,LOW,10612.4
8860145b4dfffff,1237,4817,3.8940986257073567,20,WRONG PARKING,SCOOTER,Shivajinagar,4,0.9781729991915926,1139,12.978470030208513,77.59882231108581,9.8,LOW,8144.9
8860145b51fffff,147,1047,7.122448979591836,25,WRONG PARKING,PASSENGER AUTO,Chamarajpet,2,0.7210884353741497,135,12.971087560270853,77.56921306043569,2.1,LOW,13783.3
8860145b53fffff,261,1135,4.3486590038314175,12,WRONG PARKING,SCOOTER,Magadi Road,7,0.9501915708812261,246,12.971115361736075,77.56079105643158,2.3,LOW,1949.0
8860145b55fffff,9460,49365,5.218287526427061,25,WRONG PARKING,SCOOTER,Upparpet,9,1.0,8979,12.978554434046352,77.57354967361115,100.0,CRITICAL,15418.7
8860145b57fffff,122,716,5.868852459016393,25,NO PARKING,PASSENGER AUTO,Magadi Road,12,0.9590163934426229,112,12.978582021314105,77.56512705469366,1.4,LOW,8255.1
8860145b59fffff,3320,18742,5.645180722891566,25,WRONG PARKING,SCOOTER,City Market,1,1.0,3039,12.963592603741281,77.57329905534102,38.0,MEDIUM,9534.3
8860145b5bfffff,58,640,11.03448275862069,25,PARKING IN A MAIN ROAD,CAR,Chamarajpet,2,0.9137931034482759,56,12.96362089285422,77.56487686913171,1.3,LOW,3494.4
8860145b5dfffff,5216,24838,4.761886503067485,25,WRONG PARKING,SCOOTER,Upparpet,9,0.9131518404907976,4982,12.971059485347478,77.57763586148468,50.3,HIGH,19594.1
8860145b61fffff,170,981,5.770588235294118,15,WRONG PARKING,CAR,R.T. Nagar,3,0.0,165,13.000929070055918,77.59498730472522,2.0,LOW,1305.0
8860145b63fffff,24,127,5.291666666666667,10,WRONG PARKING,CAR,Sadashivanagar,8,0.375,24,13.000956289780829,77.58656204448529,0.3,LOW,1291.3
8860145b65fffff,5,18,3.6,6,WRONG PARKING,SCOOTER,R.T. Nagar,10,0.0,5,13.00839697893067,77.59932622026093,0.0,LOW,270.7
8860145b67fffff,63,308,4.888888888888889,15,NO PARKING,SCOOTER,R.T. Nagar,11,0.0,62,13.00842398524627,77.59090034526537,0.6,LOW,380.9
8860145b69fffff,357,1799,5.03921568627451,12,WRONG PARKING,SCOOTER,Shivajinagar,4,0.0,328,12.993433658569543,77.59907425308099,3.6,LOW,3761.9
8860145b6bfffff,1725,5656,3.278840579710145,15,WRONG PARKING,SCOOTER,High ground,4,0.8759420289855072,1638,12.993461365885471,77.59064881109155,11.5,LOW,1779.1
8860145b6dfffff,42,246,5.857142857142857,12,WRONG PARKING,CAR,R.T. Nagar,5,0.0,41,13.000901576141487,77.60341336139636,0.5,LOW,1083.3
8860169009fffff,5,36,7.2,9,NO PARKING,CAR,Devanahalli Airport,4,0.0,5,13.19518185388653,77.69949502264804,0.1,LOW,33.9
886016900bfffff,2,12,6.0,6,WRONG PARKING,CAR,Devanahalli Airport,4,0.0,2,13.195203297557807,77.69105457865219,0.0,LOW,114.1
886016900dfffff,7,42,6.0,6,NO PARKING,CAR,Devanahalli Airport,12,0.0,7,13.202654743939304,77.70384429741401,0.1,LOW,28.9
8860169015fffff,4,24,6.0,6,NO PARKING,CAR,Devanahalli Airport,11,0.0,3,13.202717611118837,77.67852350588166,0.0,LOW,27.0
8860169019fffff,1573,13105,8.33121424030515,25,NO PARKING,CAR,Chikkajala,4,0.0,1473,13.187752187404088,77.67826730558852,26.5,MEDIUM,2261.9
886016901dfffff,26,165,6.346153846153846,9,WRONG PARKING,CAR,Devanahalli Airport,4,0.0,23,13.19522446291114,77.6826149292126,0.3,LOW,1979.9
8860169045fffff,1,9,9.0,9,WRONG PARKING,MAXI-CAB,Devanahalli Airport,4,0.0,1,13.195138131281986,77.71637829329157,0.0,LOW,19.0
8860169047fffff,18,114,6.333333333333333,9,NO PARKING,CAR,Devanahalli Airport,11,0.0,18,13.195160131820264,77.70793626094593,0.2,LOW,30.1
8860169051fffff,21,129,6.142857142857143,9,WRONG PARKING,CAR,Chikkajala,5,0.0,21,13.180236659427266,77.69079773976567,0.3,LOW,386.1
8860169053fffff,253,1988,7.857707509881423,15,NO PARKING,CAR,Chikkajala,4,0.0,225,13.18025852254719,77.68235852461682,4.0,LOW,2256.7
8860169055fffff,4,33,8.25,12,WRONG PARKING,CAR,Chikkajala,4,0.0,4,13.187709158923589,77.69514617010236,0.1,LOW,109.0
8860169057fffff,85,553,6.5058823529411764,10,WRONG PARKING,CAR,Chikkajala,4,0.0,84,13.187730812240169,77.68670634052118,1.1,LOW,2283.6
886016906bfffff,1,10,10.0,10,PARKING IN A MAIN ROAD,CAR,Devanahalli Airport,7,0.0,1,13.202633231194877,77.7122861500164,0.0,LOW,25.0
88601690c3fffff,426,3125,7.335680751173709,25,NO PARKING,CAR,Chikkajala,7,0.0,392,13.187834908074567,77.64451911741779,6.3,LOW,560.7
88601690c7fffff,78,779,9.987179487179487,25,PARKING IN A MAIN ROAD,CAR,Chikkajala,2,0.0,75,13.195306342687525,77.64886428209394,1.6,LOW,557.7
88601690d5fffff,3,21,7.0,9,NO PARKING,CAR,Chikkajala,7,0.0,3,13.187854893631489,77.63608405953214,0.0,LOW,449.4
88601690d9fffff,18,121,6.722222222222222,10,NO PARKING,CAR,Chikkajala,11,0.0,18,13.172892628466807,77.63583005499619,0.2,LOW,17.3
8860169221fffff,1,15,15.0,15,WRONG PARKING,PRIVATE BUS,Chikkajala,7,0.0,1,13.17264982034306,77.72865464872288,0.0,LOW,2.1
88601692a5fffff,3,22,7.333333333333333,10,WRONG PARKING,CAR,Chikkajala,4,0.0,3,13.180280107679653,77.67392010420868,0.0,LOW,2159.3
8860169601fffff,110,543,4.9363636363636365,15,NO PARKING,CAR,Yelahanka,5,0.0,106,13.098237895793927,77.57555552183827,1.1,LOW,118.3
8860169603fffff,34,159,4.676470588235294,12,NO PARKING,SCOOTER,Yelahanka,11,0.0,34,13.09825986991376,77.56712943966673,0.3,LOW,100.3
8860169605fffff,2,12,6.0,9,WRONG PARKING,SCHOOL VEHICLE,Yelahanka,6,0.0,2,13.105706523411008,77.57989438908066,0.0,LOW,105.9
886016960dfffff,27,114,4.222222222222222,6,NO PARKING,SCOOTER,Yelahanka,3,0.0,27,13.098215646036598,77.583982401524,0.2,LOW,157.0
8860169611fffff,1,15,15.0,15,WRONG PARKING,PRIVATE BUS,Yelahanka,2,0.0,1,13.09081356827578,77.55436694105606,0.0,LOW,34.6
8860169619fffff,19,78,4.105263157894737,6,WRONG PARKING,SCOOTER,Yelahanka,9,0.0,19,13.083323644942233,77.55845420254886,0.2,LOW,41.4
886016961bfffff,22,149,6.7727272727272725,12,NO PARKING,CAR,Yelahanka,11,0.0,21,13.083345770004588,77.55003014908033,0.3,LOW,36.7
8860169621fffff,11,48,4.363636363636363,9,NO PARKING,SCOOTER,Yelahanka,3,0.0,11,13.120665716889532,77.58014546205425,0.1,LOW,15.9
886016962bfffff,14,63,4.5,6,NO PARKING,CAR,Yelahanka,3,0.0,14,13.113196900462054,77.57580636568113,0.1,LOW,17.6
8860169641fffff,1,9,9.0,9,WRONG PARKING,OTHERS,Hebbala,3,0.0,0,13.083232391602868,77.59215839337584,0.0,LOW,368.1
8860169643fffff,6,18,3.0,3,WRONG PARKING,SCOOTER,Yelahanka,8,0.0,6,13.083255618054334,77.5837311496285,0.0,LOW,315.7
8860169645fffff,90,351,3.9,15,WRONG PARKING,SCOOTER,Yelahanka,8,0.0,87,13.090701254881665,77.59649826183161,0.7,LOW,400.9
8860169649fffff,5,25,5.0,10,WRONG PARKING,MOTOR CYCLE,Yelahanka,8,0.0,5,13.07574001518634,77.59624637270119,0.0,LOW,553.9
886016964bfffff,597,2174,3.641541038525963,12,WRONG PARKING,SCOOTER,Kodigehalli,11,0.0,556,13.07576372984184,77.58781894705328,4.4,LOW,711.1
8860169653fffff,6,33,5.5,6,WRONG PARKING,CAR,Yelahanka,2,0.0,6,13.075833221868303,77.56254145330786,0.1,LOW,28.3
886016965bfffff,6,36,6.0,6,WRONG PARKING,CAR,Kodigehalli,9,0.0,5,13.068342299375196,77.5666286932915,0.1,LOW,29.9
886016965dfffff,3,9,3.0,3,WRONG PARKING,SCOOTER,Yelahanka,8,0.0,3,13.075787169123018,77.57939231843748,0.0,LOW,468.7
8860169661fffff,8,45,5.625,15,WRONG PARKING,SCOOTER,Yelahanka,4,0.0,7,13.105662173394158,77.59675017614924,0.1,LOW,399.6
8860169663fffff,3,9,3.0,3,NO PARKING,SCOOTER,Yelahanka,2,0.0,3,13.105684486341831,77.58832188402893,0.0,LOW,85.9
8860169665fffff,11,78,7.090909090909091,9,WRONG PARKING,CAR,Yelahanka,4,0.0,11,13.11313142677169,77.60109069601138,0.2,LOW,70.3
8860169669fffff,345,2025,5.869565217391305,15,WRONG PARKING,SCOOTER,Yelahanka,2,0.0,338,13.09817031930295,77.60083855243236,4.1,LOW,437.3
886016966bfffff,114,421,3.692982456140351,12,NO PARKING,SCOOTER,Yelahanka,11,0.0,105,13.098193120565156,77.59241007847257,0.8,LOW,423.6
886016966dfffff,27,219,8.11111111111111,15,WRONG PARKING,MAXI-CAB,Yelahanka,4,0.0,27,13.105639584491298,77.60517926518986,0.4,LOW,352.3
88601696d3fffff,8,39,4.875,15,NO PARKING,SCOOTER,Chikkabanavara,4,0.0,8,13.0759857434351,77.50358856876566,0.1,LOW,9.0
88601696dbfffff,4,24,6.0,12,NO PARKING,SCOOTER,Chikkabanavara,10,0.0,4,13.068498241994819,77.50767452818836,0.0,LOW,18.4
886016970dfffff,2,45,22.5,25,PARKING IN A MAIN ROAD,HGV,Chikkajala,1,0.0,2,13.150501729845697,77.61436764572184,0.1,LOW,49.4
8860169739fffff,1,8,8.0,8,PARKING NEAR ROAD CROSSING,CAR,Chikkajala,10,0.0,1,13.158032794362622,77.59341707056694,0.0,LOW,1.1
8860169747fffff,38,191,5.026315789473684,20,NO PARKING,MOTOR CYCLE,Chikkajala,8,0.0,38,13.143010438256832,77.61845699755027,0.4,LOW,49.4
8860169759fffff,9,57,6.333333333333333,9,WRONG PARKING,MAXI-CAB,Yelahanka,4,0.0,9,13.12060088032231,77.60543163807083,0.1,LOW,174.3
8860169761fffff,10,75,7.5,10,PARKING IN A MAIN ROAD,CAR,Chikkajala,10,0.0,10,13.157951137524702,77.62714268173808,0.1,LOW,26.4
886016976bfffff,9,110,12.222222222222221,25,PARKING IN A MAIN ROAD,CAR,Chikkajala,11,0.0,8,13.15048068874349,77.62279962851622,0.2,LOW,60.1
8861892037fffff,2,10,5.0,5,PARKING IN A MAIN ROAD,MOTOR CYCLE,Whitefield,10,0.0,1,12.962900947131931,77.75878831753252,0.0,LOW,39.0
8861892081fffff,6,68,11.333333333333334,20,WRONG PARKING,MAXI-CAB,Whitefield,12,0.0,6,12.940591547372376,77.72042883104749,0.1,LOW,113.7
8861892087fffff,71,728,10.253521126760564,25,PARKING IN A MAIN ROAD,CAR,Whitefield,7,0.0,66,12.948095774097022,77.71633997965183,1.5,LOW,318.9
8861892091fffff,105,936,8.914285714285715,20,PARKING IN A MAIN ROAD,CAR,HAL Old Airport,6,0.0,93,12.93318985370652,77.69921317630948,1.9,LOW,4456.7
8861892093fffff,3236,16437,5.079419035846724,25,NO PARKING,SCOOTER,HAL Old Airport,4,0.0,2989,12.933223647523121,77.69077993064658,33.3,MEDIUM,4841.4
8861892095fffff,180,1066,5.9222222222222225,20,WRONG PARKING,CAR,HAL Old Airport,9,0.0,160,12.940659533500279,77.70355873465591,2.2,LOW,2636.0
8861892097fffff,1268,11908,9.391167192429021,25,PARKING IN A MAIN ROAD,CAR,HAL Old Airport,8,0.0,1175,12.94069311529191,77.69512487563676,24.1,LOW,4986.9
886189209bfffff,94,774,8.23404255319149,25,NO PARKING,MAXI-CAB,Bellandur,4,0.0,92,12.925720379335319,77.69486803946674,1.6,LOW,2661.9
886189209dfffff,7,76,10.857142857142858,25,WRONG PARKING,SCOOTER,HAL Old Airport,9,0.0,7,12.933155785897725,77.70764721493362,0.1,LOW,296.9
88618920a3fffff,1277,8055,6.307752545027408,15,WRONG PARKING,MAXI-CAB,HAL Old Airport,5,0.0,1126,12.963069801662392,77.71659793883055,16.3,LOW,1710.9
88618920a5fffff,1,6,6.0,6,WRONG PARKING,CAR,Whitefield,1,0.0,1,12.970507289319539,77.72938228807115,0.0,LOW,72.7
88618920a9fffff,67,582,8.686567164179104,25,PARKING NEAR BUSTOP/SCHOOL/HOSPITAL ETC,CAR,Whitefield,9,0.0,53,12.955532367899814,77.7291236650614,1.2,LOW,179.1
88618920abfffff,34,247,7.264705882352941,20,WRONG PARKING,CAR,Whitefield,5,0.0,32,12.955566075157025,77.72068699426808,0.5,LOW,1543.0
88618920adfffff,65,398,6.123076923076923,10,NO PARKING,CAR,Whitefield,8,0.0,57,12.963003084325397,77.73347171431551,0.8,LOW,147.7
88618920b1fffff,664,3757,5.658132530120482,25,NO PARKING,SCOOTER,HAL Old Airport,3,0.0,605,12.95563266606493,77.70381603022665,7.6,LOW,1488.9
88618920b3fffff,38,245,6.447368421052632,20,WRONG PARKING,CAR,HAL Old Airport,11,0.0,35,12.955665549865616,77.69538173748643,0.5,LOW,1323.9
88618920b5fffff,3,27,9.0,12,WRONG PARKING,LGV,HAL Old Airport,3,0.0,1,12.9631027483183,77.70816223984903,0.0,LOW,2350.3
88618920b7fffff,141,738,5.23404255319149,15,NO PARKING,CAR,HAL Old Airport,10,0.0,137,12.963135420399182,77.69972733371351,1.5,LOW,713.6
88618920bbfffff,474,4466,9.421940928270041,25,PARKING IN A MAIN ROAD,CAR,HAL Old Airport,3,0.0,463,12.948162788264312,77.69947024215966,9.0,LOW,3069.6
88618920bdfffff,162,1189,7.339506172839506,25,WRONG PARKING,MAXI-CAB,HAL Old Airport,2,0.0,137,12.95559950785374,77.71225111590515,2.4,LOW,2000.4
88618920c1fffff,6,54,9.0,15,PARKING IN A MAIN ROAD,SCOOTER,Whitefield,4,0.0,5,12.925546240432089,77.73704309163739,0.1,LOW,10.6
88618920cbfffff,1,20,20.0,20,PARKING IN A MAIN ROAD,LGV,Whitefield,9,0.0,1,12.918075912635338,77.73269531071244,0.0,LOW,10.6
88618920e5fffff,31,296,9.548387096774194,20,NO PARKING,LORRY/GOODS VEHICLE,Whitefield,7,0.0,27,12.955464129404143,77.74599938292201,0.6,LOW,83.6
88618920e7fffff,5,27,5.4,6,WRONG PARKING,CAR,Whitefield,2,0.0,5,12.955498386007145,77.73756112803083,0.0,LOW,186.1
88618920e9fffff,73,568,7.780821917808219,25,PARKING IN A MAIN ROAD,CAR,Whitefield,7,0.0,64,12.94048751069616,77.74573991770791,1.1,LOW,82.4
88618920edfffff,2,9,4.5,6,WRONG PARKING,MOTOR CYCLE,Whitefield,13,0.0,2,12.94795845241197,77.75008896287578,0.0,LOW,124.7
8861892185fffff,36,240,6.666666666666667,20,NO PARKING,CAR,Mahadevapura,8,0.0,34,13.00035971303752,77.75521828350607,0.5,LOW,87.4
8861892189fffff,17,214,12.588235294117647,25,PARKING IN A MAIN ROAD,CAR,Whitefield,8,0.0,16,12.985383315151674,77.75495830616434,0.4,LOW,75.9
886189218bfffff,5,24,4.8,6,NO PARKING,CAR,Whitefield,13,0.0,5,12.98541645373974,77.74651839120118,0.0,LOW,161.4
886189218dfffff,14,114,8.142857142857142,15,NO PARKING,CAR,Mahadevapura,2,0.0,14,12.992855054182746,77.75930865449114,0.2,LOW,81.1
8861892191fffff,55,241,4.381818181818182,12,WRONG PARKING,SCOOTER,Whitefield,4,0.0,47,12.985481905108065,77.72964093694527,0.5,LOW,149.6
8861892197fffff,2,9,4.5,6,NO PARKING,MOTOR CYCLE,Mahadevapura,9,0.0,2,12.992985114346366,77.72555129411877,0.0,LOW,151.6
8861892199fffff,3,18,6.0,6,NO PARKING,CAR,Whitefield,15,0.0,3,12.977978201670528,77.73373056728047,0.0,LOW,152.1
886189219bfffff,10,66,6.6,12,WRONG PARKING,CAR,Mahadevapura,7,0.0,10,12.97801100066533,77.72529284933937,0.1,LOW,75.6
886189219dfffff,200,713,3.565,25,WRONG PARKING,MOTOR CYCLE,Whitefield,12,0.0,176,12.985449317033503,77.73807926804326,1.4,LOW,142.3
88618921a5fffff,4,21,5.25,6,NO PARKING,CAR,Mahadevapura,6,0.0,3,13.022807925866603,77.75982909555053,0.0,LOW,23.1
88618921a9fffff,53,234,4.415094339622642,15,NO PARKING,CAR,Mahadevapura,11,0.0,50,13.00783164546451,77.75956886200628,0.5,LOW,91.3
88618921abfffff,8,24,3.0,3,WRONG PARKING,SCOOTER,Mahadevapura,5,0.0,8,13.007863877434323,77.75112789976434,0.0,LOW,71.1
88618921adfffff,22,141,6.409090909090909,15,WRONG PARKING,CAR,Mahadevapura,3,0.0,21,13.015303779241878,77.76391986208648,0.3,LOW,56.6
88618921c5fffff,13,57,4.384615384615385,12,NO PARKING,SCOOTER,Mahadevapura,13,0.0,13,12.985316211792226,77.77184051048668,0.1,LOW,8.1
88618921d1fffff,32,282,8.8125,20,PARKING IN A MAIN ROAD,CAR,Whitefield,6,0.0,32,12.970440444431347,77.74625887408514,0.6,LOW,106.4
88618921d3fffff,3,21,7.0,9,NO PARKING,CAR,Whitefield,13,0.0,3,12.970474004357841,77.73782018508274,0.0,LOW,103.6
88618921d5fffff,23,179,7.782608695652174,10,PARKING IN A MAIN ROAD,CAR,Whitefield,8,0.0,23,12.977911778442502,77.75060837936606,0.4,LOW,101.3
88618921d9fffff,36,253,7.027777777777778,10,PARKING IN A MAIN ROAD,CAR,Whitefield,7,0.0,30,12.962935267788067,77.75034865813436,0.5,LOW,121.6
88618921ddfffff,1,10,10.0,10,PARKING IN A MAIN ROAD,CAR,Whitefield,10,0.0,1,12.97040660946509,77.7546983548237,0.0,LOW,104.9
8861892283fffff,4,43,10.75,15,PARKING IN A MAIN ROAD,PASSENGER AUTO,Whitefield,11,0.0,4,12.888085713453856,77.7406137438464,0.1,LOW,6.1
8861892289fffff,15,147,9.8,25,WRONG PARKING,CAR,No Police Station,4,0.0,8,12.88054002568131,77.75313919258521,0.3,LOW,21.0
8861892401fffff,11,69,6.2727272727272725,9,WRONG PARKING,CAR,Hulimavu,11,0.0,11,12.888548719615363,77.63100879181822,0.1,LOW,623.6
8861892403fffff,1,12,12.0,12,NO PARKING,LGV,Hulimavu,10,0.0,1,12.888582424948297,77.62258319801714,0.0,LOW,19.6
8861892405fffff,263,1824,6.935361216730038,15,WRONG PARKING,CAR,Hulimavu,2,0.0,256,12.896016094794405,77.6353487530884,3.7,LOW,1003.7
8861892407fffff,1,3,3.0,3,NO PARKING,SCOOTER,Madiwala,12,0.0,1,12.896049586345386,77.62692254536819,0.0,LOW,613.6
8861892409fffff,3,15,5.0,6,WRONG PARKING,CAR,Hulimavu,11,0.0,3,12.881047361148237,77.63509502680145,0.0,LOW,591.9
886189240bfffff,3,21,7.0,9,WRONG PARKING,PASSENGER AUTO,Hulimavu,13,0.0,3,12.88108155288879,77.62666925207004,0.0,LOW,16.7
886189240dfffff,362,2421,6.6878453038674035,15,WRONG PARKING,CAR,Hulimavu,2,0.0,350,12.888514741648658,77.63943518039474,4.9,LOW,868.9
8861892411fffff,8,28,3.5,6,NO PARKING,SCOOTER,Hulimavu,6,0.0,8,12.881149119034712,77.60982008745884,0.1,LOW,28.6
8861892413fffff,1,6,6.0,6,WRONG PARKING,GOODS AUTO,Hulimavu,12,0.0,1,12.881182493589474,77.60139669808247,0.0,LOW,108.3
8861892415fffff,1,10,10.0,10,PARKING IN A MAIN ROAD,CAR,Mico Layout,11,0.0,1,12.88861585772222,77.6141583992434,0.0,LOW,14.0
8861892419fffff,30,144,4.8,12,NO PARKING,CAR,Hulimavu,12,0.0,29,12.873648728353029,77.61390576792083,0.3,LOW,26.3
886189241bfffff,1,12,12.0,12,WRONG PARKING,LGV,Hulimavu,9,0.0,1,12.87368258948531,77.6054821972188,0.0,LOW,94.4
8861892421fffff,884,3434,3.8846153846153846,15,NO PARKING,SCOOTER,HSR Layout,14,0.0,811,12.910984533466165,77.63560250473422,7.0,LOW,1199.1
8861892423fffff,160,1140,7.125,25,WRONG PARKING,CAR,HSR Layout,11,0.0,154,12.911017324870064,77.62717586398105,2.3,LOW,1091.4
8861892425fffff,63,341,5.412698412698413,15,NO PARKING,CAR,HSR Layout,2,0.0,63,12.918452318440698,77.63994311677249,0.7,LOW,841.3
8861892427fffff,28,195,6.964285714285714,25,NO PARKING,CAR,HSR Layout,11,0.0,28,12.918484896366222,77.63151586206048,0.4,LOW,907.1
8861892429fffff,48,435,9.0625,15,WRONG PARKING,LGV,HSR Layout,5,0.0,48,12.903483678051382,77.63968913589218,0.9,LOW,1238.9
886189242bfffff,361,2249,6.229916897506925,20,WRONG PARKING,CAR,HSR Layout,13,0.0,359,12.90351695597619,77.63126231427,4.6,LOW,1314.4
886189242dfffff,117,600,5.128205128205129,15,NO PARKING,CAR,HSR Layout,9,0.0,102,12.910951469011714,77.64402994024117,1.2,LOW,816.1
8861892431fffff,3,24,8.0,9,WRONG PARKING,MAXI-CAB,Mico Layout,3,0.0,3,12.90358269324069,77.61441105581265,0.0,LOW,177.1
8861892433fffff,2,11,5.5,6,NO PARKING,CAR,Mico Layout,7,0.5,2,12.903615152730135,77.60598661948124,0.0,LOW,410.6
8861892437fffff,239,1041,4.355648535564853,12,NO PARKING,SCOOTER,Mico Layout,12,0.8284518828451883,224,12.911082088825882,77.61032496774412,2.1,LOW,357.9
8861892439fffff,3,22,7.333333333333333,10,NO PARKING,CAR,Madiwala,11,0.0,3,12.896082805173558,77.61849713258418,0.0,LOW,30.4
886189243bfffff,4,26,6.5,10,NO PARKING,SCOOTER,Mico Layout,2,0.0,3,12.89611575135375,77.61007251498823,0.0,LOW,65.1
886189243dfffff,19,116,6.105263157894737,12,WRONG PARKING,PASSENGER AUTO,Madiwala,11,0.0,19,12.903549961014328,77.62283628749285,0.2,LOW,507.7
8861892441fffff,138,1251,9.065217391304348,15,WRONG PARKING,CAR,Hulimavu,2,0.0,126,12.873510560761734,77.64760800030511,2.5,LOW,458.7
8861892443fffff,10,117,11.7,15,WRONG PARKING,PRIVATE BUS,Hulimavu,3,0.0,10,12.873545511268109,77.63918125027635,0.2,LOW,411.9
8861892447fffff,176,1500,8.522727272727273,15,WRONG PARKING,CAR,Hulimavu,2,0.0,165,12.881012896863044,77.64352159614748,3.0,LOW,790.3
8861892449fffff,7,33,4.714285714285714,9,WRONG PARKING,MOTOR CYCLE,Electronic City,7,0.0,7,12.86600773366905,77.6516943928261,0.1,LOW,240.1
886189244dfffff,50,310,6.2,15,NO PARKING,CAR,Electronic City,11,0.0,44,12.873475337725393,77.65603554453541,0.6,LOW,239.3
8861892461fffff,9,33,3.6666666666666665,6,NO PARKING,SCOOTER,HSR Layout,12,0.0,6,12.895948293224905,77.65220355232918,0.1,LOW,99.7
8861892463fffff,2,25,12.5,15,PARKING IN A MAIN ROAD,CAR,HSR Layout,12,0.0,2,12.895982330445825,77.64377575549281,0.0,LOW,724.4
8861892465fffff,11,54,4.909090909090909,12,WRONG PARKING,SCOOTER,Bellandur,12,0.0,11,12.903416303242569,77.65654516266287,0.1,LOW,95.3
8861892467fffff,12,105,8.75,15,WRONG PARKING,MAXI-CAB,HSR Layout,10,0.0,12,12.903450127165115,77.64811675210724,0.2,LOW,209.7
886189246bfffff,26,228,8.76923076923077,15,WRONG PARKING,LORRY/GOODS VEHICLE,Electronic City,11,0.0,25,12.888480490973505,77.64786236349458,0.5,LOW,601.0
886189246dfffff,38,253,6.657894736842105,20,NO PARKING,MOTOR CYCLE,HSR Layout,11,0.0,38,12.895913983056943,77.66063214334513,0.5,LOW,50.7
8861892481fffff,15,99,6.6,12,WRONG PARKING,CAR,Thalagattapura,11,0.0,15,12.888778935824435,77.572046339589,0.2,LOW,173.1
8861892483fffff,172,709,4.122093023255814,12,NO PARKING,SCOOTER,Thalagattapura,11,0.0,172,12.888810734815376,77.56362631625919,1.4,LOW,170.1
8861892485fffff,3,24,8.0,12,NO PARKING,CAR,J.P. Nagar,3,0.0,3,12.896244811091824,77.57638200151547,0.0,LOW,157.7
8861892487fffff,51,309,6.0588235294117645,16,NO PARKING,CAR,K.S. Layout,11,0.0,51,12.896276395155285,77.56796136363104,0.6,LOW,211.6
886189248dfffff,10,71,7.1,20,NO PARKING,CAR,J.P. Nagar,11,0.0,10,12.888746864723524,77.58046715945375,0.1,LOW,57.4
8861892491fffff,27,177,6.555555555555555,15,NO PARKING,CAR,Thalagattapura,10,0.0,27,12.881377026374155,77.55087307866201,0.4,LOW,77.3
8861892493fffff,21,118,5.619047619047619,9,NO PARKING,CAR,Thalagattapura,10,0.0,21,12.881408496779585,77.54245526390557,0.2,LOW,133.3
8861892495fffff,6,36,6.0,9,NO PARKING,CAR,Thalagattapura,12,0.0,6,12.88884226177128,77.55520708971497,0.1,LOW,137.1
886189249bfffff,31,207,6.67741935483871,20,WRONG PARKING,CAR,Thalagattapura,10,0.0,30,12.873912001202621,77.54653948927107,0.4,LOW,132.4
886189249dfffff,1,3,3.0,3,WRONG PARKING,MOTOR CYCLE,Thalagattapura,8,0.0,1,12.881345284172033,77.55929169054464,0.0,LOW,141.6
88618924a1fffff,145,766,5.2827586206896555,15,WRONG PARKING,SCOOTER,J.P. Nagar,3,1.0,143,12.911208343428934,77.57663272339414,1.5,LOW,648.0
88618924a3fffff,6,44,7.333333333333333,20,NO PARKING,CAR,K.S. Layout,12,1.0,6,12.911239225578086,77.56821165296498,0.1,LOW,365.3
88618924a5fffff,196,1040,5.3061224489795915,25,NO PARKING,CAR,Jayanagara,5,1.0,186,12.918674630614579,77.58096903580913,2.1,LOW,1205.6
88618924a7fffff,287,1414,4.926829268292683,20,NO PARKING,SCOOTER,Banashankari,3,0.9825783972125436,286,12.918705298139068,77.57254735078504,2.9,LOW,679.9
88618924a9fffff,16,109,6.8125,15,NO PARKING,CAR,J.P. Nagar,7,1.0,16,12.90371089552644,77.58071808509443,0.2,LOW,413.4
88618924abfffff,48,305,6.354166666666667,25,NO PARKING,CAR,J.P. Nagar,11,0.9583333333333334,47,12.903742264817788,77.57229683267205,0.6,LOW,222.4
88618924adfffff,158,858,5.430379746835443,15,WRONG PARKING,CAR,J.P. Nagar,11,1.0,155,12.911177188754195,77.58505459033769,1.7,LOW,526.0
88618924b1fffff,4,27,6.75,12,NO PARKING,CAR,K.S. Layout,2,0.0,4,12.903804186389536,77.55545671789248,0.0,LOW,158.1
88618924b3fffff,85,552,6.4941176470588236,15,PARKING IN A MAIN ROAD,CAR,K.S. Layout,12,0.0,84,12.903834738820114,77.54703785603643,1.1,LOW,180.6
88618924b5fffff,4,12,3.0,3,NO PARKING,SCOOTER,K.S. Layout,3,0.0,4,12.911269835276789,77.55979137930093,0.0,LOW,84.1
88618924b7fffff,52,481,9.25,25,PARKING IN A MAIN ROAD,CAR,K.S. Layout,11,0.0,42,12.911300172600205,77.55137190265266,1.0,LOW,154.4
88618924b9fffff,10,35,3.5,6,NO PARKING,SCOOTER,K.S. Layout,13,0.0,10,12.896307707020227,77.55954152244182,0.1,LOW,159.4
88618924c3fffff,1,3,3.0,3,NO PARKING,MOTOR CYCLE,Thalagattapura,10,0.0,1,12.873782540239402,77.58021625888331,0.0,LOW,3.4
88618924c5fffff,24,144,6.0,12,WRONG PARKING,SCOOTER,J.P. Nagar,7,0.0,23,12.881215595898405,77.59297410432757,0.3,LOW,105.6
88618924c9fffff,4,18,4.5,6,WRONG PARKING,SCOOTER,Hulimavu,4,0.0,3,12.866250072999598,77.59272256742267,0.0,LOW,92.6
88618924cbfffff,1,6,6.0,6,WRONG PARKING,CAR,Thalagattapura,11,0.0,1,12.866283604632294,77.58430120213671,0.0,LOW,25.7
88618924cdfffff,132,471,3.5681818181818183,12,NO PARKING,SCOOTER,Hulimavu,13,0.0,118,12.873716178460656,77.5970594219777,0.9,LOW,93.0
88618924d5fffff,4,15,3.75,6,WRONG PARKING,MOTOR CYCLE,Thalagattapura,4,0.0,4,12.873815313192313,77.5717958715321,0.0,LOW,12.0
88618924d7fffff,12,66,5.5,12,WRONG PARKING,CAR,Thalagattapura,11,0.0,11,12.873847814287242,77.56337628064597,0.1,LOW,12.0
88618924e3fffff,35,187,5.3428571428571425,15,NO PARKING,CAR,J.P. Nagar,13,0.0,35,12.896212954754894,77.58480343584444,0.4,LOW,151.0
88618924e5fffff,56,341,6.089285714285714,12,NO PARKING,CAR,J.P. Nagar,3,0.44642857142857145,49,12.903647339557619,77.59756297875016,0.7,LOW,357.0
88618924e7fffff,103,645,6.262135922330097,15,NO PARKING,CAR,J.P. Nagar,8,0.9320388349514563,91,12.903679253798057,77.58914013387081,1.3,LOW,315.9
88618924e9fffff,16,97,6.0625,15,NO PARKING,CAR,J.P. Nagar,10,0.0,16,12.888681905892136,77.59731118778471,0.2,LOW,90.1
88618924ebfffff,4,21,5.25,6,NO PARKING,CAR,J.P. Nagar,3,0.0,4,12.88871452143771,77.58888877560265,0.0,LOW,74.3
88618924edfffff,74,363,4.905405405405405,9,NO PARKING,CAR,J.P. Nagar,6,0.013513513513513514,73,12.896148424960778,77.601648692832,0.7,LOW,119.7
8861892513fffff,117,573,4.897435897435898,15,NO PARKING,CAR,Adugodi,2,0.0,116,12.933452538750462,77.63176943519348,1.2,LOW,245.9
8861892517fffff,3,27,9.0,12,WRONG PARKING,LORRY/GOODS VEHICLE,Ashok Nagar,3,0.0,3,12.940920517745456,77.63611008411773,0.0,LOW,138.4
8861892519fffff,5,33,6.6,12,NO PARKING,CAR,HSR Layout,10,0.0,3,12.925920310525123,77.64428415039637,0.1,LOW,304.9
886189251bfffff,111,704,6.342342342342342,15,NO PARKING,CAR,Adugodi,11,0.0,111,12.925952675128206,77.63585628174273,1.4,LOW,268.0
8861892521fffff,18,87,4.833333333333333,6,NO PARKING,CAR,Jeevanbheemanagar,4,0.0,14,12.963263364474754,77.66599564270464,0.2,LOW,565.4
8861892523fffff,49,340,6.938775510204081,20,NO PARKING,CAR,Jeevanbheemanagar,5,0.0,49,12.96329466480747,77.6575647046024,0.7,LOW,974.4
8861892525fffff,2,9,4.5,6,NO PARKING,SCOOTER,Banaswadi,5,0.0,2,12.97073259134499,77.67033920608478,0.0,LOW,457.7
8861892527fffff,754,3084,4.090185676392573,9,NO PARKING,SCOOTER,Jeevanbheemanagar,7,0.0,716,12.970763679292517,77.66190765414491,6.2,LOW,652.0
8861892529fffff,85,346,4.070588235294117,10,WRONG PARKING,SCOOTER,HAL Old Airport,3,0.0,85,12.955762555555129,77.67008361943145,0.7,LOW,77.4
886189252bfffff,17,86,5.0588235294117645,15,NO PARKING,MOTOR CYCLE,Jeevanbheemanagar,4,0.0,16,12.955794342464449,77.66165250097936,0.2,LOW,160.7
886189252dfffff,1,6,6.0,6,WRONG PARKING,CAR,HAL Old Airport,0,0.0,1,12.96323178994276,77.67442737492004,0.0,LOW,74.6
8861892531fffff,372,2803,7.53494623655914,20,NO PARKING,MAXI-CAB,Jeevanbheemanagar,5,0.16666666666666666,339,12.955857094253213,77.64479264694246,5.7,LOW,1137.1
8861892533fffff,2,12,6.0,6,WRONG PARKING,CAR,Halasur,4,0.5,2,12.95588805928307,77.63636391186299,0.0,LOW,845.3
8861892535fffff,327,2040,6.238532110091743,25,NO PARKING,PASSENGER AUTO,Jeevanbheemanagar,5,0.0030581039755351682,316,12.963325691016145,77.64913456086612,4.1,LOW,1985.4
8861892537fffff,439,2719,6.193621867881549,25,NO PARKING,CAR,Jeevanbheemanagar,8,0.9954441913439636,382,12.96335644317602,77.64070521174853,5.5,LOW,1944.3
8861892539fffff,1,6,6.0,6,WRONG PARKING,PASSENGER AUTO,HAL Old Airport,4,0.0,1,12.948357251261463,77.64888007052255,0.0,LOW,455.6
886189253bfffff,16,114,7.125,9,NO PARKING,MAXI-CAB,Jeevanbheemanagar,8,0.0,13,12.948388703037997,77.64045115469686,0.2,LOW,430.0
886189253dfffff,44,266,6.045454545454546,15,WRONG PARKING,PASSENGER AUTO,Jeevanbheemanagar,4,0.0,40,12.955825855338745,77.65322217673211,0.5,LOW,791.6
8861892541fffff,816,5677,6.957107843137255,15,WRONG PARKING,MAXI-CAB,Bellandur,2,0.0,723,12.92578811757826,77.67800356819559,11.5,LOW,1500.0
8861892543fffff,90,529,5.877777777777778,15,NO PARKING,MAXI-CAB,Bellandur,4,0.0,87,12.925821576145031,77.6695725227734,1.1,LOW,1061.9
8861892545fffff,490,3350,6.836734693877551,25,NO PARKING,CAR,HAL Old Airport,8,0.0,469,12.933257167422417,77.68234747819845,6.8,LOW,3708.4
886189254bfffff,81,509,6.283950617283951,20,NO PARKING,CAR,Bellandur,10,0.0,77,12.918319273844617,77.67366007972026,1.0,LOW,1222.4
886189254dfffff,65,435,6.6923076923076925,15,NO PARKING,CAR,HAL Old Airport,8,0.0,64,12.92575438533332,77.68643540717777,0.9,LOW,3812.1
8861892551fffff,1,3,3.0,3,WRONG PARKING,SCOOTER,Bellandur,5,0.0,1,12.918386342871258,77.65680000993144,0.0,LOW,284.7
8861892553fffff,126,582,4.619047619047619,15,NO PARKING,CAR,HSR Layout,6,0.0,122,12.918419467300698,77.64837116614693,1.2,LOW,321.3
8861892557fffff,86,474,5.511627906976744,15,NO PARKING,CAR,HSR Layout,10,0.0,84,12.925887672543517,77.65271281362104,1.0,LOW,156.0
886189255bfffff,47,216,4.595744680851064,6,NO PARKING,CAR,HSR Layout,6,0.0,47,12.910918131431849,77.65245817024962,0.4,LOW,222.9
886189255dfffff,144,718,4.986111111111111,12,WRONG PARKING,SCOOTER,Bellandur,9,0.0,135,12.918352945077519,77.66522964787347,1.4,LOW,259.4
8861892565fffff,2,16,8.0,10,PARKING IN A MAIN ROAD,PASSENGER AUTO,HAL Old Airport,2,0.0,2,12.955698159330836,77.6869482379382,0.0,LOW,52.1
8861892567fffff,5,17,3.4,5,WRONG PARKING,MOTOR CYCLE,HAL Old Airport,14,0.0,5,12.955730494535636,77.67851553183543,0.0,LOW,61.0
8861892569fffff,6,50,8.333333333333334,12,NO PARKING,CAR,HAL Old Airport,6,0.0,4,12.94072642300186,77.68669180974028,0.1,LOW,4542.9
886189256bfffff,1,10,10.0,10,PARKING IN A MAIN ROAD,CAR,HAL Old Airport,2,0.0,0,12.94075945670509,77.67825953721992,0.0,LOW,487.1
886189256dfffff,7,45,6.428571428571429,9,NO PARKING,CAR,HAL Old Airport,5,0.0,7,12.948195883941374,77.69103656283247,0.1,LOW,2390.0
8861892581fffff,88,680,7.7272727272727275,20,PARKING IN A MAIN ROAD,SCOOTER,Mico Layout,6,1.0,83,12.94104444211209,77.60240482818996,1.4,LOW,671.6
8861892583fffff,81,357,4.407407407407407,12,NO PARKING,SCOOTER,Wilson Garden,11,0.5802469135802469,79,12.941074739876615,77.59398050332993,0.7,LOW,642.6
8861892585fffff,88,511,5.806818181818182,12,NO PARKING,CAR,Ashok Nagar,10,1.0,68,12.948511773691429,77.60674344193173,1.0,LOW,281.0
8861892587fffff,81,483,5.962962962962963,12,NO PARKING,CAR,Wilson Garden,3,0.9382716049382716,77,12.948541857617831,77.59831850263481,1.0,LOW,550.4
8861892589fffff,406,2351,5.79064039408867,25,NO PARKING,SCOOTER,Mico Layout,2,0.5394088669950738,384,12.933546532603962,77.60649114256896,4.8,LOW,1259.6
886189258bfffff,20,161,8.05,15,WRONG PARKING,CAR,Mico Layout,5,1.0,18,12.933577317454247,77.59806663617145,0.3,LOW,618.3
886189258dfffff,28,158,5.642857142857143,20,NO PARKING,SCOOTER,Adugodi,5,0.7857142857142857,27,12.941013871091936,77.61082994895045,0.3,LOW,1012.7
8861892591fffff,302,1362,4.509933774834437,12,NO PARKING,CAR,Jayanagara,8,1.0,284,12.933638067954625,77.5812200116016,2.8,LOW,1215.4
8861892593fffff,5,24,4.8,6,NO PARKING,CAR,Banashankari,6,1.0,5,12.933668033755216,77.5727978939317,0.0,LOW,977.9
8861892595fffff,324,1391,4.29320987654321,25,WRONG PARKING,SCOOTER,Wilson Garden,12,0.3950617283950617,321,12.94110476446078,77.5855569746218,2.8,LOW,882.3
8861892597fffff,180,961,5.338888888888889,12,NO PARKING,CAR,Basavanagudi,4,1.0,173,12.94113451593992,77.57713424231675,1.9,LOW,1400.6
8861892599fffff,522,2743,5.254789272030651,25,NO PARKING,CAR,Jayanagara,8,0.9789272030651341,487,12.926141126000603,77.5853057699289,5.6,LOW,1067.6
886189259bfffff,339,1425,4.20353982300885,25,NO PARKING,SCOOTER,Jayanagara,8,1.0,295,12.926171579055959,77.57688347032665,2.9,LOW,1151.7
886189259dfffff,129,602,4.666666666666667,10,NO PARKING,CAR,Jayanagara,9,0.6976744186046512,123,12.933607829212727,77.58964292576523,1.2,LOW,960.6
88618925a1fffff,59,345,5.8474576271186445,15,NO PARKING,CAR,Ashok Nagar,7,0.2711864406779661,54,12.963476712834236,77.60699576651213,0.7,LOW,1450.3
88618925a3fffff,809,2972,3.673671199011125,20,NO PARKING,SCOOTER,Ashok Nagar,4,1.0,802,12.963506095880321,77.59857039427168,6.0,LOW,1641.7
88618925a5fffff,601,3755,6.247920133111481,16,NO PARKING,CAR,Halasur,4,0.03161397670549085,582,12.970944449560163,77.61133503110803,7.6,LOW,6200.1
88618925a7fffff,589,2753,4.674023769100169,20,NO PARKING,SCOOTER,Ashok Nagar,4,0.16808149405772496,567,12.970973619072177,77.60290904439071,5.6,LOW,6702.6
88618925a9fffff,9,39,4.333333333333333,6,NO PARKING,SCOOTER,Ashok Nagar,10,0.0,4,12.955979311817664,77.61108247740846,0.1,LOW,181.7
88618925abfffff,22,90,4.090909090909091,9,NO PARKING,SCOOTER,Ashok Nagar,11,0.9090909090909091,22,12.9560091820619,77.60265692369161,0.2,LOW,764.0
88618925adfffff,28,198,7.071428571428571,12,PARKING IN A MAIN ROAD,CAR,Ashok Nagar,13,0.7142857142857143,28,12.96344705611618,77.61542193463187,0.4,LOW,1196.6
88618925b1fffff,500,2870,5.74,25,NO PARKING,CAR,Wilson Garden,10,1.0,463,12.956068102101627,77.58580820442012,5.8,LOW,3923.3
88618925b3fffff,1055,6714,6.363981042654029,25,WRONG PARKING,SCOOTER,City Market,4,1.0,1015,12.956097152047933,77.57738503936817,13.6,LOW,6592.6
88618925b5fffff,164,1178,7.182926829268292,20,NO PARKING,CAR,Halasuru Gate,9,1.0,158,12.963535205329856,77.59014581816211,2.4,LOW,3891.6
88618925b7fffff,2727,14290,5.24019068573524,20,WRONG PARKING,SCOOTER,Halasuru Gate,10,0.9977997799779978,2542,12.96356404125835,77.58172203843483,28.9,MEDIUM,10058.4
88618925b9fffff,145,824,5.682758620689655,15,NO PARKING,CAR,Wilson Garden,2,0.7724137931034483,145,12.948571668200072,77.58989435939898,1.7,LOW,1073.1
88618925bbfffff,140,679,4.85,12,WRONG PARKING,CAR,Basavanagudi,3,1.0,138,12.948601205513501,77.58147101247559,1.4,LOW,2260.4
88618925bdfffff,148,908,6.135135135135135,15,NO PARKING,CAR,Wilson Garden,9,0.9864864864864865,147,12.956038778798096,77.59423216594502,1.8,LOW,1332.1
88618925c1fffff,213,1564,7.342723004694836,25,NO PARKING,CAR,Madiwala,1,0.8450704225352113,213,12.926016584498955,77.61900292915767,3.2,LOW,1104.6
88618925c3fffff,209,2466,11.799043062200957,25,PARKING IN A MAIN ROAD,CAR,Mico Layout,2,0.27751196172248804,209,12.926048129416692,77.61057744573026,5.0,LOW,1391.9
88618925c5fffff,33,180,5.454545454545454,15,NO PARKING,CAR,Adugodi,11,0.0,32,12.933484143327219,77.62334254233174,0.4,LOW,848.1
88618925c7fffff,645,2932,4.545736434108528,25,NO PARKING,SCOOTER,Adugodi,11,0.9348837209302325,587,12.933515474586674,77.61491644470627,5.9,LOW,1443.1
88618925c9fffff,60,506,8.433333333333334,25,NO PARKING,CAR,Madiwala,0,0.8166666666666667,60,12.91851720115222,77.6230894022631,1.0,LOW,498.4
88618925cbfffff,12,54,4.5,9,WRONG PARKING,SCOOTER,Mico Layout,10,1.0,12,12.918549232873653,77.61466373763236,0.1,LOW,848.3
88618925cdfffff,7,30,4.285714285714286,6,NO PARKING,MOTOR CYCLE,Adugodi,2,0.0,7,12.92598476642781,77.62742920791247,0.1,LOW,536.0
88618925d1fffff,150,872,5.8133333333333335,20,NO PARKING,SCOOTER,Jayanagara,3,1.0,96,12.91861247742296,77.5978147948778,1.8,LOW,384.0
88618925d3fffff,27,193,7.148148148148148,25,WRONG PARKING,CAR,J.P. Nagar,11,1.0,26,12.91864369040092,77.58939151725708,0.4,LOW,840.7
88618925d5fffff,6,69,11.5,25,PARKING IN A MAIN ROAD,HGV,Jayanagara,7,1.0,6,12.926079401256139,77.602152757882,0.1,LOW,904.9
88618925d7fffff,16,108,6.75,15,NO PARKING,CAR,Jayanagara,10,0.75,16,12.926110400092387,77.5937288658644,0.2,LOW,678.3
88618925d9fffff,263,1068,4.06083650190114,12,NO PARKING,SCOOTER,Mico Layout,5,0.3231939163498099,246,12.91111406152771,77.60190071276392,2.2,LOW,530.1
88618925dbfffff,14,71,5.071428571428571,10,NO PARKING,CAR,J.P. Nagar,6,0.7857142857142857,14,12.911145761478814,77.59347725354468,0.1,LOW,578.3
88618925ddfffff,74,307,4.148648648648648,25,NO PARKING,SCOOTER,Mico Layout,4,0.3108108108108108,71,12.918580991605543,77.60623886842005,0.6,LOW,839.6
88618925e1fffff,10,87,8.7,20,PARKING IN A MAIN ROAD,CAR,Ashok Nagar,13,0.0,9,12.948450785504795,77.62359570770249,0.2,LOW,126.0
88618925e3fffff,1,6,6.0,6,WRONG PARKING,CAR,Adugodi,2,0.0,1,12.9484814163455,77.61516917703818,0.0,LOW,190.7
88618925e7fffff,20,83,4.15,9,WRONG PARKING,SCOOTER,Ashok Nagar,3,0.0,20,12.955949167990005,77.61950882684387,0.2,LOW,60.3
88618925e9fffff,56,207,3.6964285714285716,12,WRONG PARKING,SCOOTER,Adugodi,13,0.0,55,12.940951908983829,77.62768257716621,0.4,LOW,224.7
88618925ebfffff,89,451,5.067415730337078,15,NO PARKING,CAR,Adugodi,4,0.0,88,12.940983026740929,77.61925586535979,0.9,LOW,574.4
88618925edfffff,7,48,6.857142857142857,12,WRONG PARKING,CAR,Ashok Nagar,6,0.0,7,12.948419881094058,77.63202303367275,0.1,LOW,70.7
8861892601fffff,1,6,6.0,6,NO PARKING,CAR,Electronic City,12,0.0,1,12.836028902024841,77.6596121935727,0.0,LOW,14.1
8861892603fffff,5,30,6.0,9,NO PARKING,CAR,Electronic City,13,0.0,5,12.836066010165984,77.65118533508138,0.1,LOW,408.4
8861892605fffff,12,48,4.0,9,NO PARKING,SCOOTER,Electronic City,6,0.0,12,12.843496309687849,77.66395350015405,0.1,LOW,77.4
8861892607fffff,5,15,3.0,3,WRONG PARKING,MOTOR CYCLE,Electronic City,12,0.0,5,12.843533204104064,77.65552602826224,0.0,LOW,448.3
8861892621fffff,68,586,8.617647058823529,25,PARKING IN A MAIN ROAD,SCOOTER,Electronic City,8,0.0,53,12.858468220901809,77.6642086786825,1.2,LOW,132.1
8861892627fffff,9,81,9.0,15,NO PARKING,MAXI-CAB,Electronic City,6,0.0,8,12.865972024598275,77.66012211749144,0.2,LOW,144.3
886189262bfffff,76,231,3.039473684210526,6,WRONG PARKING,SCOOTER,Electronic City,12,0.0,76,12.851000607807485,77.65986714279211,0.5,LOW,125.7
886189262dfffff,4,27,6.75,9,WRONG PARKING,CAR,Electronic City,4,0.0,4,12.85843175346861,77.67263737732313,0.0,LOW,87.6
8861892635fffff,2,6,3.0,3,WRONG PARKING,SCOOTER,Electronic City,6,0.0,2,12.858540338565906,77.64735366253507,0.0,LOW,5.6
8861892639fffff,581,2808,4.833046471600689,15,WRONG PARKING,SCOOTER,Electronic City,12,0.0,544,12.84356982642235,77.64709935018062,5.7,LOW,412.3
886189263bfffff,4,33,8.25,15,NO PARKING,CAR,Electronic City,6,0.0,4,12.843606176717023,77.63867346616159,0.1,LOW,405.9
8861892645fffff,23,435,18.91304347826087,25,PARKING IN A MAIN ROAD,HGV,Electronic City,3,0.0,21,12.828448106917202,77.6805548049665,0.9,LOW,212.7
886189264dfffff,44,452,10.272727272727273,25,PARKING IN A MAIN ROAD,SCOOTER,Electronic City,7,0.0,44,12.820941855246172,77.6846413067098,0.9,LOW,175.0
8861892661fffff,5,18,3.6,6,NO PARKING,SCOOTER,Electronic City,14,0.0,5,12.843421704264811,77.68081082435809,0.0,LOW,124.0
8861892663fffff,36,242,6.722222222222222,25,NO PARKING,MOTOR CYCLE,Electronic City,12,0.0,36,12.843459143099503,77.67238176560359,0.5,LOW,130.0
886189266bfffff,105,602,5.733333333333333,25,NO PARKING,SCOOTER,Electronic City,4,0.0,102,12.835953869643355,77.67646829125057,1.2,LOW,185.3
886189266dfffff,2,6,3.0,3,NO PARKING,MOTOR CYCLE,Electronic City,6,0.0,2,12.843383993109596,77.68924067616467,0.0,LOW,3.4
88618926b1fffff,3,24,8.0,12,NO PARKING,CAR,Thalagattapura,12,0.0,3,12.851318492576842,77.58405012291475,0.0,LOW,37.1
88618926b5fffff,24,153,6.375,12,NO PARKING,CAR,Hulimavu,3,0.0,24,12.858784177580333,77.58838613440561,0.3,LOW,39.1
88618926b9fffff,1,10,10.0,10,PARKING IN A MAIN ROAD,CAR,Thalagattapura,13,0.0,1,12.843818570151697,77.58813485146923,0.0,LOW,15.3
88618926bdfffff,6,73,12.166666666666666,25,NO PARKING,CAR,Hulimavu,12,0.0,4,12.851284259407409,77.59247105564853,0.1,LOW,37.1
8861892711fffff,5,39,7.8,15,NO PARKING,CAR,Electronic City,11,0.0,5,12.880907867993626,77.66880606935062,0.1,LOW,30.7
8861892715fffff,7,56,8.0,15,PARKING IN A MAIN ROAD,MOTOR CYCLE,Electronic City,3,0.0,7,12.888376101950733,77.67314867741027,0.1,LOW,104.7
8861892717fffff,2,9,4.5,6,WRONG PARKING,SCOOTER,Electronic City,5,0.0,2,12.888411171199175,77.6647191122549,0.0,LOW,51.0
8861892719fffff,22,105,4.7727272727272725,10,WRONG PARKING,SCOOTER,Electronic City,11,0.0,22,12.873404073764748,77.67289301459076,0.2,LOW,21.4
886189271dfffff,1,6,6.0,6,WRONG PARKING,CAR,Electronic City,11,0.0,1,12.880872312783998,77.67723581463154,0.0,LOW,29.4
8861892721fffff,65,261,4.015384615384615,12,WRONG PARKING,SCOOTER,Bellandur,7,0.0,50,12.910747344032682,77.6946112289725,0.5,LOW,185.4
8861892723fffff,85,533,6.270588235294118,15,NO PARKING,CAR,Bellandur,10,0.0,81,12.91078204836173,77.68617903024685,1.1,LOW,274.4
8861892725fffff,11,39,3.5454545454545454,6,WRONG PARKING,MOTOR CYCLE,Bellandur,12,0.0,11,12.91821661876267,77.69895613615914,0.1,LOW,156.0
8861892727fffff,2,12,6.0,6,NO PARKING,CAR,HAL Old Airport,3,0.0,2,12.918251110761958,77.6905233241163,0.0,LOW,293.4
8861892729fffff,67,399,5.955223880597015,15,WRONG PARKING,SCOOTER,Bellandur,7,0.0,61,12.903243085469857,77.69869912170476,0.8,LOW,154.6
886189272bfffff,7,48,6.857142857142857,12,WRONG PARKING,CAR,Bellandur,7,0.0,3,12.90327827569472,77.69026674323779,0.1,LOW,177.3
886189272dfffff,1,6,6.0,6,WRONG PARKING,CAR,Bellandur,12,0.0,1,12.910712366129593,77.70304422068222,0.0,LOW,153.3
8861892731fffff,189,929,4.915343915343915,12,NO PARKING,CAR,Bellandur,10,0.0,173,12.903347835989594,77.6734043657855,1.9,LOW,383.1
8861892733fffff,2,6,3.0,3,WRONG PARKING,MOTOR CYCLE,HSR Layout,5,0.0,2,12.903382206208985,77.66497436730651,0.0,LOW,185.6
8861892735fffff,206,1067,5.179611650485437,15,WRONG PARKING,CAR,Bellandur,9,0.0,201,12.910816479191432,77.67774762475864,2.2,LOW,442.1
8861892737fffff,16,57,3.5625,6,NO PARKING,SCOOTER,Bellandur,4,0.0,16,12.910850636596502,77.66931701276107,0.1,LOW,469.4
8861892739fffff,142,623,4.387323943661972,12,WRONG PARKING,SCOOTER,Bellandur,10,0.0,132,12.895844543581084,77.67749170690524,1.3,LOW,229.7
8861892767fffff,71,368,5.183098591549296,12,WRONG PARKING,CAR,Bellandur,12,0.0,71,12.903207621760599,77.70713229299443,0.7,LOW,110.4
886189276dfffff,70,379,5.414285714285715,15,WRONG PARKING,SCOOTER,Whitefield,11,0.0,63,12.895666163093255,77.7196544962444,0.8,LOW,54.1
8861892a95fffff,1,6,6.0,6,WRONG PARKING,CAR,K.R. Pura,6,0.0,1,13.045256409606482,77.76444081570791,0.0,LOW,32.4
8861892abbfffff,29,221,7.620689655172414,25,NO PARKING,MOTOR CYCLE,K.R. Pura,10,0.0,29,13.052759545881624,77.76034964074188,0.4,LOW,32.4
8861892c11fffff,1,3,3.0,3,WRONG PARKING,SCOOTER,Hennuru,14,0.0,1,13.03819054088336,77.64197587805353,0.0,LOW,7.9
8861892c15fffff,4,25,6.25,10,NO PARKING,CAR,Hennuru,8,0.0,4,13.04566010455083,77.64631874674015,0.0,LOW,23.7
8861892c1bfffff,7,27,3.857142857142857,6,NO PARKING,SCOOTER,Hennuru,14,0.0,7,13.030721179575117,77.63763343127609,0.0,LOW,113.0
8861892c31fffff,29,171,5.896551724137931,9,NO PARKING,CAR,Hennuru,8,0.0,29,13.060626181030175,77.64657318572792,0.3,LOW,50.6
8861892c35fffff,5,24,4.8,6,PARKING IN A MAIN ROAD,SCOOTER,Hennuru,3,0.0,5,13.06809613785846,77.65091670586659,0.0,LOW,33.7
8861892c39fffff,15,99,6.6,12,WRONG PARKING,CAR,Hennuru,2,0.0,15,13.053129870201966,77.65066203734749,0.2,LOW,50.7
8861892c3bfffff,7,39,5.571428571428571,6,WRONG PARKING,CAR,Hennuru,4,0.0,6,13.053156425591327,77.64223008755047,0.1,LOW,47.7
8861892c3dfffff,4,21,5.25,6,NO PARKING,CAR,Hennuru,11,0.0,3,13.060599837461245,77.65500574988715,0.0,LOW,45.0
8861892c49fffff,1,6,6.0,6,WRONG PARKING,CAR,K.R. Pura,15,0.0,1,13.023081819814436,77.68388505404889,0.0,LOW,14.6
8861892c4bfffff,9,60,6.666666666666667,15,WRONG PARKING,SCOOTER,Banaswadi,5,0.0,8,13.023110874647356,77.67545079325191,0.1,LOW,9.9
8861892c51fffff,22,122,5.545454545454546,15,WRONG PARKING,CAR,Hennuru,3,0.0,22,13.02316815852389,77.65858465432468,0.2,LOW,37.1
8861892c53fffff,10,39,3.9,6,NO PARKING,SCOOTER,Banaswadi,9,0.0,9,13.023196387718938,77.65015277670068,0.1,LOW,98.9
8861892c55fffff,12,39,3.25,6,NO PARKING,SCOOTER,Hennuru,11,0.0,12,13.03063795345367,77.66292852194958,0.1,LOW,23.0
8861892c59fffff,2,9,4.5,6,NO PARKING,CAR,Banaswadi,7,0.0,2,13.015669849955449,77.66267326671942,0.0,LOW,46.1
8861892c5bfffff,11,51,4.636363636363637,9,NO PARKING,SCOOTER,Banaswadi,5,0.0,11,13.015698566233956,77.6542412085338,0.1,LOW,55.1
8861892c81fffff,9,45,5.0,6,WRONG PARKING,CAR,Hebbala,12,0.0,9,13.045791188877192,77.6041700259799,0.1,LOW,60.4
8861892c83fffff,53,187,3.5283018867924527,10,NO PARKING,SCOOTER,Hebbala,1,0.0,52,13.045816580370778,77.59574266998688,0.4,LOW,828.1
8861892c89fffff,2,15,7.5,12,WRONG PARKING,SCOOTER,K.G. Halli,3,0.0,2,13.038296808216472,77.6082577678106,0.0,LOW,46.1
8861892c8bfffff,1,3,3.0,3,WRONG PARKING,SCOOTER,Hebbala,4,0.0,1,13.03832268752397,77.5998302301903,0.0,LOW,601.6
8861892c8dfffff,20,173,8.65,20,WRONG PARKING,MAXI-CAB,K.G. Halli,12,0.0,14,13.04576552236118,77.61259817836196,0.3,LOW,46.7
8861892c91fffff,2,12,6.0,6,WRONG PARKING,CAR,Kodigehalli,5,0.0,2,13.038373621640456,77.5829775446413,0.0,LOW,957.9
8861892c93fffff,22,107,4.863636363636363,6,WRONG PARKING,CAR,Kodigehalli,11,0.0,22,13.03839867660166,77.57455239721563,0.2,LOW,468.1
8861892c95fffff,15,93,6.2,12,WRONG PARKING,PASSENGER AUTO,Kodigehalli,2,0.0,15,13.045841696918085,77.58731611063462,0.2,LOW,928.9
8861892c97fffff,179,741,4.139664804469274,15,WRONG PARKING,MOTOR CYCLE,Kodigehalli,3,0.0,173,13.04586653859529,77.57889034817467,1.5,LOW,221.6
8861892c99fffff,187,939,5.021390374331551,12,NO PARKING,CAR,Hebbala,4,0.0,170,13.030880206874519,77.5870647301248,1.9,LOW,1206.9
8861892c9bfffff,141,872,6.184397163120567,12,WRONG PARKING,CAR,Kodigehalli,11,0.0,137,13.030905749818027,77.57863940067652,1.8,LOW,693.0
8861892c9dfffff,959,3941,4.109489051094891,25,NO PARKING,SCOOTER,Hebbala,4,0.0,910,13.038348291973255,77.59140348904998,8.0,LOW,741.0
8861892ca1fffff,6,24,4.0,6,WRONG PARKING,MOTOR CYCLE,Hebbala,12,0.0,6,13.068222661605226,77.60876274498547,0.0,LOW,7.1
8861892ca3fffff,1,6,6.0,6,WRONG PARKING,PASSENGER AUTO,Hebbala,12,0.0,1,13.068247139732106,77.60033434090404,0.0,LOW,331.9
8861892cadfffff,2,20,10.0,15,PARKING IN A MAIN ROAD,MAXI-CAB,Hennuru,8,0.0,2,13.06819790803923,77.61719194543474,0.0,LOW,27.9
8861892cb1fffff,253,1665,6.5810276679841895,20,WRONG PARKING,CAR,Kodigehalli,13,0.0,233,13.060802871917545,77.5875675162762,3.4,LOW,988.4
8861892cb3fffff,50,378,7.56,15,WRONG PARKING,CAR,Kodigehalli,4,0.0,45,13.060827012373878,77.57914132076041,0.8,LOW,491.9
8861892cb5fffff,335,1663,4.964179104477612,15,WRONG PARKING,CAR,Kodigehalli,11,0.0,301,13.068271342496192,77.59190673344236,3.4,LOW,1031.1
8861892cb7fffff,253,1080,4.2687747035573125,16,WRONG PARKING,SCOOTER,Kodigehalli,11,0.0,244,13.068295269973788,77.58347992285206,2.2,LOW,995.6
8861892cb9fffff,320,1528,4.775,15,WRONG PARKING,CAR,Kodigehalli,11,0.0,318,13.053309975275942,77.59165509866834,3.1,LOW,582.6
8861892cbdfffff,94,605,6.4361702127659575,12,WRONG PARKING,CAR,Kodigehalli,13,0.0,92,13.060778456338998,77.59599450875419,1.2,LOW,781.0
8861892cc1fffff,30,178,5.933333333333334,9,NO PARKING,CAR,K.G. Halli,3,0.0,20,13.03077528816037,77.62077401362596,0.4,LOW,339.4
8861892cc5fffff,214,1900,8.878504672897197,25,NO PARKING,CAR,K.G. Halli,4,0.0,187,13.038244224722582,77.62511523148396,3.8,LOW,338.4
8861892cc7fffff,9,79,8.777777777777779,15,NO PARKING,CAR,Hennuru,4,0.0,9,13.038270653974692,77.61668610165914,0.2,LOW,337.1
8861892cc9fffff,2,13,6.5,10,PARKING IN A MAIN ROAD,GOODS AUTO,K.G. Halli,14,0.0,2,13.023279425240565,77.62486191422086,0.0,LOW,120.0
8861892ccbfffff,10,51,5.1,12,NO PARKING,SCOOTER,K.G. Halli,3,0.0,10,13.023306554646009,77.6164332176999,0.1,LOW,46.4
8861892ccdfffff,22,155,7.045454545454546,20,NO PARKING,CAR,K.G. Halli,4,0.0,22,13.030748371366718,77.62920332466946,0.3,LOW,346.6
8861892cd1fffff,14,60,4.285714285714286,12,WRONG PARKING,SCOOTER,R.T. Nagar,5,0.0,14,13.023359989259543,77.59957821262944,0.1,LOW,277.4
8861892cd3fffff,344,1520,4.4186046511627906,15,WRONG PARKING,SCOOTER,R.T. Nagar,6,0.0,344,13.023386294619495,77.5911519045836,3.1,LOW,616.6
8861892cd5fffff,1,8,8.0,8,PARKING NEAR BUSTOP/SCHOOL/HOSPITAL ETC,CAR,Hebbala,9,0.0,1,13.030828297057552,77.60391777923702,0.0,LOW,14.0
8861892cd7fffff,2,12,6.0,9,WRONG PARKING,VAN,R.T. Nagar,12,0.0,2,13.030854389313054,77.59549085639546,0.0,LOW,926.1
8861892cdbfffff,76,342,4.5,12,WRONG PARKING,SCOOTER,R.T. Nagar,4,0.0,76,13.015891885197476,77.59523906797617,0.7,LOW,362.7
8861892ce1fffff,2,9,4.5,6,NO PARKING,PASSENGER AUTO,Hennuru,14,0.0,2,13.053208709972491,77.62536857407567,0.0,LOW,11.6
8861892ce5fffff,4,15,3.75,6,NO PARKING,SCOOTER,Hennuru,11,0.0,4,13.060678041276995,77.6297104432542,0.0,LOW,84.1
8861892ce9fffff,14,42,3.0,3,NO PARKING,SCOOTER,Hennuru,14,0.0,14,13.045713363957386,77.62945687128551,0.1,LOW,280.9
8861892cebfffff,1,15,15.0,15,NO PARKING,PRIVATE BUS,Hennuru,11,0.0,1,13.045739580746607,77.62102712688122,0.0,LOW,316.9
8861892d89fffff,3,27,9.0,9,NO PARKING,MAXI-CAB,Hennuru,10,0.0,3,13.090582048914834,77.63864950385859,0.0,LOW,44.1
8861892da3fffff,163,1380,8.466257668711657,25,PARKING IN A MAIN ROAD,MAXI-CAB,Yelahanka,13,0.0,163,13.120533557197918,77.63072498473119,2.8,LOW,270.4
8861892dabfffff,1,10,10.0,10,PARKING IN A MAIN ROAD,CAR,Yelahanka,4,0.0,1,13.113040262485347,77.63481429088465,0.0,LOW,198.6
8861892db3fffff,12,93,7.75,9,WRONG PARKING,MAXI-CAB,Yelahanka,4,0.0,12,13.113109050071273,77.60952040011588,0.2,LOW,206.4
8861892db5fffff,69,503,7.2898550724637685,15,WRONG PARKING,CAR,Yelahanka,4,0.0,69,13.12055627465143,77.62229307285972,1.0,LOW,410.7
8861892db7fffff,129,992,7.689922480620155,15,WRONG PARKING,MAXI-CAB,Yelahanka,3,0.0,129,13.12057871566732,77.61386195722216,2.0,LOW,235.0
8861892dbbfffff,2,6,3.0,3,WRONG PARKING,SCOOTER,Yelahanka,11,0.0,2,13.105616719556613,77.61360915089894,0.0,LOW,45.4
8861892dc3fffff,1,6,6.0,6,WRONG PARKING,PASSENGER AUTO,Hennuru,8,0.0,1,13.083087243907451,77.64273858281072,0.0,LOW,45.0
8861892dc9fffff,2,20,10.0,10,PARKING IN A MAIN ROAD,CAR,Hennuru,8,0.0,2,13.07556629570052,77.65526064797804,0.0,LOW,6.3
8861892dd1fffff,7,41,5.857142857142857,9,NO PARKING,CAR,Hennuru,11,0.0,7,13.07564240129298,77.62996404057932,0.1,LOW,126.9
8861892dd5fffff,58,276,4.758620689655173,12,WRONG PARKING,MOTOR CYCLE,Hennuru,4,0.0,58,13.083112124737175,77.63430656119505,0.6,LOW,50.9
8861892dd9fffff,63,414,6.571428571428571,20,NO PARKING,CAR,Hennuru,7,0.0,60,13.068147574284675,77.63405273442848,0.8,LOW,89.6
8861892ddbfffff,24,151,6.291666666666667,10,NO PARKING,CAR,Hennuru,5,0.0,24,13.068172878957798,77.62562194199984,0.3,LOW,91.6
8861892dddfffff,1,6,6.0,6,NO PARKING,CAR,Hennuru,10,0.0,1,13.07561730862001,77.63839544761011,0.0,LOW,106.1
8861892e01fffff,216,1476,6.833333333333333,20,NO PARKING,PASSENGER AUTO,Mahadevapura,8,0.0,177,12.993110770774127,77.69180661336213,3.0,LOW,586.0
8861892e03fffff,7,49,7.0,15,WRONG PARKING,SCOOTER,Mahadevapura,10,0.0,5,12.993141497362052,77.68337242626876,0.1,LOW,1146.4
8861892e05fffff,4,28,7.0,10,WRONG PARKING,CAR,Mahadevapura,10,0.0,1,13.0005810249248,77.69615247715166,0.1,LOW,1674.7
8861892e07fffff,45,325,7.222222222222222,15,NO PARKING,CAR,Mahadevapura,3,0.0,42,13.000611539918408,77.68771767638277,0.7,LOW,2458.9
8861892e09fffff,9,75,8.333333333333334,12,WRONG PARKING,LGV,Mahadevapura,5,0.0,9,12.985609506718296,77.69589553824004,0.1,LOW,882.6
8861892e0bfffff,34,135,3.9705882352941178,10,WRONG PARKING,SCOOTER,Mahadevapura,1,0.0,34,12.985640719825025,77.6874611712556,0.3,LOW,540.6
8861892e0dfffff,291,2014,6.920962199312715,15,NO PARKING,PASSENGER AUTO,Mahadevapura,11,0.0,208,12.993079769253942,77.7002415939476,4.1,LOW,532.6
8861892e11fffff,1,6,6.0,6,WRONG PARKING,CAR,Banaswadi,7,0.0,1,12.985702321810676,77.67059481829274,0.0,LOW,890.0
8861892e13fffff,7,33,4.714285714285714,6,WRONG PARKING,PASSENGER AUTO,Banaswadi,5,0.0,7,12.9857327108403,77.66216283282091,0.1,LOW,1050.6
8861892e17fffff,675,6108,9.04888888888889,25,PARKING IN A MAIN ROAD,SCOOTER,Mahadevapura,10,0.0,650,12.99320212604278,77.66650643357218,12.4,LOW,1251.7
8861892e19fffff,1,3,3.0,3,NO PARKING,SCOOTER,Banaswadi,8,0.0,1,12.978202022699872,77.6746831911312,0.0,LOW,17.0
8861892e1dfffff,13,80,6.153846153846154,20,PARKING OPPOSITE TO ANOTHER PARKED VEHICLE,SCOOTER,Banaswadi,12,0.0,11,12.985671658164044,77.67902759785538,0.2,LOW,39.9
8861892e21fffff,2,21,10.5,15,WRONG PARKING,CAR,K.R. Pura,5,0.0,2,13.015552233603549,77.69640944175828,0.0,LOW,1152.0
8861892e25fffff,6,63,10.5,12,NO PARKING,LGV,K.R. Pura,10,0.0,6,13.02302288398091,77.70075595704253,0.1,LOW,33.6
8861892e27fffff,3,36,12.0,12,WRONG PARKING,LGV,K.R. Pura,5,0.0,3,13.02305248961749,77.69232010873029,0.1,LOW,18.0
8861892e29fffff,258,1845,7.151162790697675,25,PARKING IN A MAIN ROAD,CAR,K.R. Pura,11,0.0,228,13.008051481901365,77.70049876263553,3.7,LOW,1149.0
8861892e2bfffff,1072,6035,5.629664179104478,25,WRONG PARKING,SCOOTER,K.R. Pura,0,0.0,988,13.008081785457449,77.6920633482088,12.2,LOW,1656.1
8861892e2dfffff,15,64,4.266666666666667,10,NO PARKING,SCOOTER,K.R. Pura,3,0.0,11,13.01552214132805,77.70484546982513,0.1,LOW,300.9
8861892e33fffff,2,6,3.0,3,NO PARKING,SCOOTER,Banaswadi,4,0.0,2,13.008171045312105,77.66676186731144,0.0,LOW,240.6
8861892e37fffff,1,3,3.0,3,NO PARKING,MOTOR CYCLE,Banaswadi,10,0.0,1,13.015640858628782,77.67110611938787,0.0,LOW,11.1
8861892e39fffff,808,5960,7.376237623762377,25,WRONG PARKING,PASSENGER AUTO,Mahadevapura,6,0.0,729,13.000641779890618,77.67928366926746,12.1,LOW,1571.4
8861892e3bfffff,119,1327,11.15126050420168,25,PARKING IN A MAIN ROAD,CAR,Banaswadi,3,0.0,116,13.000671744916929,77.67085045605917,2.7,LOW,1944.0
8861892e3dfffff,616,3339,5.420454545454546,25,WRONG PARKING,CAR,K.R. Pura,10,0.0,572,13.008111813827597,77.68362872734356,6.8,LOW,2237.0
8861892e41fffff,74,622,8.405405405405405,15,WRONG PARKING,MAXI-CAB,Mahadevapura,5,0.0,65,12.978075773792172,77.70841979093245,1.3,LOW,604.9
8861892e43fffff,60,449,7.483333333333333,15,WRONG PARKING,CAR,Mahadevapura,5,0.0,57,12.978107748074503,77.69998445097488,0.9,LOW,486.1
8861892e45fffff,27,213,7.888888888888889,15,WRONG PARKING,CAR,Mahadevapura,4,0.0,13,12.98554625590035,77.71276665194695,0.4,LOW,215.9
8861892e47fffff,10,66,6.6,12,WRONG PARKING,CAR,Mahadevapura,5,0.0,10,12.98557801876849,77.70433069855507,0.1,LOW,501.1
8861892e49fffff,321,2458,7.657320872274143,25,WRONG PARKING,CAR,HAL Old Airport,3,0.0,291,12.970573034648806,77.71250887103814,5.0,LOW,1655.4
8861892e4bfffff,34,228,6.705882352941177,25,PARKING IN A MAIN ROAD,SCOOTER,HAL Old Airport,9,0.0,21,12.970605495166563,77.70407335152507,0.5,LOW,646.0
8861892e4dfffff,41,198,4.829268292682927,10,PARKING IN A MAIN ROAD,SCOOTER,Mahadevapura,6,0.0,41,12.978043524680823,77.71685592380528,0.4,LOW,508.1
8861892e53fffff,3,15,5.0,6,NO PARKING,SCOOTER,Banaswadi,5,0.0,3,12.970701229033873,77.67877155204597,0.0,LOW,11.6
8861892e55fffff,227,1963,8.647577092511014,25,NO PARKING,MAXI-CAB,Mahadevapura,3,0.0,218,12.97813944760307,77.69154990418642,4.0,LOW,375.4
8861892e57fffff,1,6,6.0,6,NO PARKING,CAR,Banaswadi,6,0.0,1,12.978170872453102,77.6831161508207,0.0,LOW,314.6
8861892e5bfffff,7,42,6.0,6,NO PARKING,CAR,HAL Old Airport,10,0.0,0,12.963199941136274,77.68285990099551,0.1,LOW,13.7
8861892e61fffff,8,34,4.25,6,WRONG PARKING,SCOOTER,K.R. Pura,7,0.0,8,13.000519169571689,77.71302445863543,0.1,LOW,145.6
8861892e65fffff,9,55,6.111111111111111,12,PARKING IN A MAIN ROAD,SCOOTER,K.R. Pura,3,0.0,9,13.00799004892934,77.71737197115823,0.1,LOW,88.4
8861892e67fffff,11,50,4.545454545454546,12,WRONG PARKING,SCOOTER,K.R. Pura,10,0.0,11,13.008020903083816,77.70893497036998,0.1,LOW,294.3
8861892e69fffff,53,343,6.471698113207547,15,WRONG PARKING,CAR,Mahadevapura,7,0.0,44,12.993016941115373,77.7171139345799,0.7,LOW,162.3
8861892e6bfffff,12,69,5.75,9,WRONG PARKING,CAR,Mahadevapura,2,0.0,12,12.99304849272613,77.70867736777149,0.1,LOW,391.3
8861892e6dfffff,79,468,5.924050632911392,20,PARKING IN A MAIN ROAD,SCOOTER,K.R. Pura,3,0.0,66,13.000487829061417,77.72146163884254,0.9,LOW,129.9
8861892e81fffff,1,6,6.0,6,WRONG PARKING,PASSENGER AUTO,Pulikeshinagar(F.Town),1,0.0,1,12.993320087536638,77.63278398122625,0.0,LOW,80.0
8861892e85fffff,23,96,4.173913043478261,9,NO PARKING,SCOOTER,Banaswadi,10,0.0,21,13.000788857073605,77.6371255473583,0.2,LOW,65.4
8861892e87fffff,58,296,5.103448275862069,15,NO PARKING,SCOOTER,Pulikeshinagar(F.Town),10,0.0,42,13.000817448503524,77.62869630748011,0.6,LOW,125.9
8861892e89fffff,13,106,8.153846153846153,20,PARKING IN A MAIN ROAD,CAR,Jeevanbheemanagar,7,0.0,11,12.985822230981373,77.63687164347948,0.2,LOW,416.0
8861892e8bfffff,7,56,8.0,15,NO PARKING,CAR,Halasur,1,0.0,7,12.985851522297358,77.62844283689921,0.1,LOW,466.7
8861892e91fffff,1846,8140,4.409534127843987,20,WRONG PARKING,SCOOTER,Shivajinagar,10,0.24702058504875407,1695,12.985909282285935,77.611587610053,16.5,LOW,8395.6
8861892e93fffff,2282,13199,5.7839614373356705,25,WRONG PARKING,PASSENGER AUTO,Shivajinagar,10,0.8900087642418931,2155,12.985937751109661,77.60316119029105,26.7,MEDIUM,8776.7
8861892e95fffff,564,2344,4.156028368794326,15,NO PARKING,SCOOTER,Pulikeshinagar(F.Town),12,0.0,517,12.993377421558263,77.61592752561967,4.7,LOW,2238.3
8861892e97fffff,406,2341,5.766009852216749,20,WRONG PARKING,CAR,Pulikeshinagar(F.Town),3,0.0,356,12.993405677152369,77.6075004913409,4.7,LOW,4323.9
8861892e99fffff,556,3373,6.066546762589928,15,NO PARKING,CAR,Shivajinagar,10,0.0,524,12.97841239186492,77.61567471749112,6.8,LOW,7155.7
8861892e9bfffff,6076,29030,4.777814351547071,25,WRONG PARKING,SCOOTER,Shivajinagar,10,0.9815668202764977,5732,12.97844134799895,77.60724811631391,58.8,HIGH,9295.3
8861892e9dfffff,63,342,5.428571428571429,12,NO PARKING,CAR,Pulikeshinagar(F.Town),11,0.0,56,12.985880539373692,77.62001482567302,0.7,LOW,2251.1
8861892ea1fffff,11,75,6.818181818181818,12,NO PARKING,CAR,Banaswadi,6,0.0,11,13.015755173949385,77.63737947662257,0.1,LOW,140.1
8861892ea3fffff,32,213,6.65625,25,NO PARKING,CAR,Banaswadi,3,0.0,32,13.01578306553774,77.62894980340226,0.4,LOW,101.6
8861892ea5fffff,113,453,4.008849557522124,12,WRONG PARKING,SCOOTER,Banaswadi,13,0.0,110,13.023224341852869,77.64172169397364,0.9,LOW,110.6
8861892ea7fffff,34,153,4.5,15,WRONG PARKING,SCOOTER,Banaswadi,12,0.0,30,13.023252021001465,77.63329140639621,0.3,LOW,155.6
8861892ea9fffff,5,39,7.8,12,WRONG PARKING,MAXI-CAB,Banaswadi,12,0.0,5,13.008257830533164,77.64146753530699,0.1,LOW,37.7
8861892eabfffff,7,21,3.0,3,WRONG PARKING,SCOOTER,Banaswadi,6,0.0,7,13.008286209374523,77.63303768112858,0.0,LOW,128.4
8861892eadfffff,3,27,9.0,12,NO PARKING,CAR,Banaswadi,11,0.0,2,13.015727007540049,77.64580994508394,0.0,LOW,98.6
8861892eb1fffff,42,221,5.261904761904762,20,NO PARKING,SCOOTER,K.G. Halli,11,0.0,39,13.008342143162947,77.61618035902134,0.4,LOW,423.4
8861892eb5fffff,7,77,11.0,20,WRONG PARKING,CAR,K.G. Halli,5,0.0,7,13.015810682380918,77.62052092567538,0.1,LOW,105.7
8861892eb7fffff,2,6,3.0,3,NO PARKING,SCOOTER,K.G. Halli,11,0.0,2,13.015838024554684,77.6120928436941,0.0,LOW,50.7
8861892eb9fffff,68,303,4.455882352941177,9,WRONG PARKING,SCOOTER,Pulikeshinagar(F.Town),15,0.0,68,13.000845765441033,77.62026786302566,0.6,LOW,788.7
8861892ebbfffff,524,2198,4.194656488549619,12,NO PARKING,SCOOTER,Pulikeshinagar(F.Town),4,0.0,462,13.000873807961767,77.6118402142471,4.4,LOW,1093.3
8861892ebdfffff,27,159,5.888888888888889,15,NO PARKING,CAR,Pulikeshinagar(F.Town),4,0.0,27,13.008314313559218,77.62460862228264,0.3,LOW,184.3
8861892ec1fffff,56,369,6.589285714285714,15,NO PARKING,CAR,Banaswadi,5,0.0,49,12.978293826573747,77.6493890766519,0.7,LOW,1102.1
8861892ec3fffff,290,1341,4.624137931034483,20,NO PARKING,SCOOTER,Jeevanbheemanagar,9,0.0,276,12.97832387916077,77.64095929419824,2.7,LOW,1290.6
8861892ec7fffff,21,149,7.095238095238095,25,WRONG PARKING,PASSENGER AUTO,Banaswadi,2,0.0,19,12.985792665350184,77.64530124516152,0.3,LOW,431.0
8861892ec9fffff,117,918,7.846153846153846,25,NO PARKING,CAR,Jeevanbheemanagar,3,0.0,115,12.970794492951715,77.65347689647938,1.9,LOW,1669.9
8861892ecbfffff,745,4812,6.459060402684564,25,NO PARKING,CAR,Jeevanbheemanagar,7,0.0,722,12.970825032397935,77.64504693334096,9.7,LOW,1886.0
8861892ecdfffff,21,126,6.0,9,NO PARKING,CAR,Banaswadi,7,0.0,17,12.978263499684852,77.6578196537938,0.2,LOW,647.1
8861892ed1fffff,135,805,5.962962962962963,15,NO PARKING,CAR,Halasur,4,0.014814814814814815,128,12.970885288952777,77.6281893916558,1.6,LOW,1248.9
8861892ed3fffff,659,3947,5.98937784522003,25,NO PARKING,CAR,Halasur,4,0.012139605462822459,627,12.97091500621219,77.61976181361369,8.0,LOW,1941.4
8861892ed5fffff,164,1254,7.646341463414634,25,PARKING IN A MAIN ROAD,SCOOTER,Halasur,5,0.0,138,12.978353657521334,77.63253030668535,2.5,LOW,866.9
8861892ed7fffff,231,1503,6.5064935064935066,15,NO PARKING,CAR,Halasur,4,0.0,210,12.978383161730882,77.62410211436558,3.0,LOW,1611.4
8861892ed9fffff,40,221,5.525,9,NO PARKING,CAR,Halasur,4,1.0,40,12.963386921362435,77.63227665750212,0.4,LOW,681.3
8861892edbfffff,1,9,9.0,9,WRONG PARKING,TEMPO,Halasur,10,1.0,1,12.963417125650697,77.6238488983792,0.0,LOW,751.9
8861892eddfffff,169,1003,5.93491124260355,20,NO PARKING,CAR,Jeevanbheemanagar,11,0.0,164,12.970855297706493,77.6366177649823,2.0,LOW,1736.4
8861892ee5fffff,26,132,5.076923076923077,15,NO PARKING,SCOOTER,Banaswadi,5,0.0,26,13.0082002485776,77.65832962865112,0.3,LOW,58.7
8861892ee7fffff,2,6,3.0,3,NO PARKING,MOTOR CYCLE,Banaswadi,4,0.0,2,13.0082291769594,77.64989818456539,0.0,LOW,36.4
8861892ee9fffff,188,1081,5.75,25,NO PARKING,CAR,Banaswadi,8,0.0,178,12.99323202828644,77.65807462847543,2.2,LOW,1211.6
8861892eebfffff,143,1052,7.356643356643357,10,PARKING IN A MAIN ROAD,CAR,Banaswadi,7,0.0,123,12.993261655899637,77.64964361788373,2.1,LOW,326.0
8861892eedfffff,58,207,3.5689655172413794,15,NO PARKING,SCOOTER,Banaswadi,4,0.0,58,13.000701435072845,77.66241803701114,0.4,LOW,1265.9
8861892f43fffff,2,6,3.0,3,NO PARKING,MOTOR CYCLE,K.R. Pura,2,0.0,2,13.030403898315317,77.73041703879242,0.0,LOW,65.0
8861892f47fffff,57,281,4.9298245614035086,15,NO PARKING,MOTOR CYCLE,K.R. Pura,2,0.0,57,13.037875583961375,77.73476623806323,0.6,LOW,41.0
8861892f4dfffff,1,15,15.0,15,H T V PROHIBITED,HGV,Mahadevapura,10,0.0,1,13.030342626975042,77.74729709830562,0.0,LOW,2.1
8861892f51fffff,21,154,7.333333333333333,15,NO PARKING,CAR,K.R. Pura,3,0.0,20,13.022962846086324,77.71763003354415,0.3,LOW,55.0
8861892f53fffff,8,51,6.375,9,NO PARKING,CAR,K.R. Pura,2,0.0,8,13.022993002829036,77.7091925987318,0.1,LOW,49.1
8861892f55fffff,23,168,7.304347826086956,15,NO PARKING,CAR,K.R. Pura,11,0.0,21,13.030434120087465,77.72197819769143,0.3,LOW,46.9
8861892f5bfffff,1,12,12.0,12,WRONG PARKING,LGV,K.R. Pura,2,0.0,1,13.015491773626433,77.71328229110745,0.0,LOW,55.1
8861892f61fffff,2,40,20.0,20,PARKING IN A MAIN ROAD,LORRY/GOODS VEHICLE,K.R. Pura,4,0.0,2,13.052819556772361,77.74346590176135,0.1,LOW,114.1
8861892f67fffff,4,78,19.5,25,PARKING IN A MAIN ROAD,HGV,K.R. Pura,3,0.0,2,13.060321223981866,77.73937507161098,0.2,LOW,16.9
8861892f69fffff,89,681,7.651685393258427,25,NO PARKING,CAR,K.R. Pura,11,0.0,81,13.045317393032494,77.74755671927215,1.4,LOW,103.0
88618934a5fffff,6,40,6.666666666666667,10,NO PARKING,CAR,Electronic City,3,0.0,6,12.813395734493456,77.69715757437902,0.1,LOW,77.0
88618934a7fffff,5,21,4.2,6,WRONG PARKING,CAR,Electronic City,2,0.0,5,12.813435114955556,77.68872779643901,0.0,LOW,118.6
88618934adfffff,19,161,8.473684210526315,10,PARKING IN A MAIN ROAD,CAR,Electronic City,5,0.0,19,12.805888020747217,77.70124423163179,0.3,LOW,28.7
886189359bfffff,63,317,5.031746031746032,20,WRONG PARKING,SCOOTER,Electronic City,2,0.0,52,12.82090296004377,77.69307090498374,0.6,LOW,118.6
88618935b5fffff,2,12,6.0,6,WRONG PARKING,CAR,Electronic City,9,0.0,2,12.858283157993952,77.7063601030987,0.0,LOW,1.7
